totalMatchingArticles,maxAllowedPage,articles,status,OEM SKU,OEM DESC
0,0,[],200,23300-CA00A,Motor Assembly - Starter
0,0,[],200,23703-4BA3A,Blank Engine Control Module
0,0,[],200,24079-1LA0D,Harness Assembly - Sub Engine Room
0,0,[],200,24079-VW015,Harness - Sub Knock Sensor
0,0,[],200,24784-77M10,Gasket Transmission Oil Pan
0,0,[],200,24820-5ZU5D,Speedometer Assembly - Analog
0,0,[],200,24820-6JT6A,Speedometer Assembly - Analog
0,0,[],200,25380-F6610,Switch Assembly - Trunk Opener
0,0,[],200,25491-EG00B,Switch Assembly - Power Seat Memory
0,0,[],200,25554-9DA0A,Wire Assembly - Steering Air Bag
0,0,[],200,25610-BR00A,Horn Assembly - Electric High
0,0,[],200,26010-6CA0A,Headlamp Assembly RH
0,0,[],200,26060-3RA2B,Headlamp Assembly - LH
0,0,[],200,26075-3RA2B,Housing Assembly - Headlamp LH
0,0,[],200,26075-3YM1A,Housing Assembly - Headlamp LH
0,0,[],200,26120-3YM0C,Combination Lamp Assembly Front RH
0,0,[],200,26125-3YM0C,Combination Lamp Assembly Front LH
0,0,[],200,26271-9B902,Bulb
0,0,[],200,26445-77M10,Strainer Assembly Oil
0,0,[],200,26470-60U0E,Lamp Assembly - Trunk Room
0,0,[],200,26550-3SB3A,Combination Lamp Assembly - Rear RH
0,0,[],200,26550-5ZT0E,Combination Lamp Assembly - Rear RH
0,0,[],200,26550-ZN50A,Combination Lamp Assembly - Rear RH
0,0,[],200,26551-1HA0B,Socket Assembly
0,0,[],200,26551-JD00A,Cover Assembly - Back Rear Combination Lamp
0,0,[],200,26590-7S000,Stop Lamp Assembly - High Mounting
0,0,[],200,26590-9HM0A,Stop Lamp Assembly - High Mounting
0,0,[],200,27270-VC800,Cooling Unit Assembly
0,0,[],200,28208-3JL0A,Antenna Assembly - Roof
0,0,[],200,28215-8H300,Rod - Antenna
0,0,[],200,28220-5RA0A,Antenna Assembly - Top
0,0,[],200,28438-4GA3B,Sensor Assembly - Distance
0,0,[],200,28790-1BA0A,Blade Assembly - Back Window Wiper
0,0,[],200,28795-CT00B,Refill - Wiper Blade Rear
0,0,[],200,28882-VJ200,Arm Assembly - Windshield Wiper
0,0,[],200,28890-3SG0C,Blade Assembly - Windshield
0,0,[],200,28890-3SG1B,Blade Assembly - Windshield Wiper
0,0,[],200,28895-1KA0A,Refill - Wiper Blade Front LH
0,0,[],200,28895-1KA1A,Refill - Wiper Blade Front RH
0,0,[],200,28913-7S000,Cap - Windshield Washer Tank
0,0,[],200,28930-1HA3A,Nozzle Assembly - Washer RH
0,0,[],200,28931-1HA3A,Nozzle Assembly - Washer LH
0,0,[],200,28935-8J000,Tube - Washer Windshield
0,0,[],200,30610-1LH0A,Cylinder Assembly - Clutch Master
0,0,[],200,30620-1LH0A,Cylinder Assembly - Clutch Operating
0,0,[],200,30741963,Radiator Hose Lower
0,0,[],200,31084-3Z000,Seal - O Ring
0,0,[],200,31261055,Bleeder Hose
0,0,[],200,31340-1XJ0D,Oil Pump Assembly
0,0,[],200,31340-97X00,Oil Pump Assembly
0,0,[],200,31439724,Anti-Freeze
0,0,[],200,31526-3JX1C,Seal - O Ring
0,0,[],200,31526-50X1A,Seal - O Ring
0,0,[],200,31705-28X2A,Valve Assembly - Control
0,0,[],200,31705-X978A,Valve Assembly - Control
0,0,[],200,31726-HG00D,Oil Filter Assembly
0,0,[],200,32341612,Windshield Wiper Blade LH
0,0,[],200,33140-1LA0A,Dust Cover - Transfer
0,0,[],200,33141-1LA0A,Dust Cover - Transfer
0,0,[],200,34445-WN80A,Cable Assembly - Control
0,0,[],200,35632-36010,Plate Brake
0,0,[],200,35632-60030,Plate Brake (For 1st & Reverse Brake)
0,0,[],200,35632-60070,Plate Brake (For 1st & Reverse Brake)
0,0,[],200,35633-60030,Disc Clutch (For 1st & Reverse Brake)
0,0,[],200,36108093921,Double Spoke Light Alloy Wheel Orbit Grey
0,0,[],200,36333-CN00A,Stopper - Rubber
0,0,[],200,36530-3KA0A,Cable Assembly - Parking Rear RH
0,0,[],200,36531-3KA0A,Cable Assembly - Parking Rear LH
0,0,[],200,38420-CA00A,Differential Assembly
0,0,[],200,39100-3JA3B,Shaft Assembly - Drive Front RH
0,0,[],200,39100-3RA1A,Shaft Assembly - Front Drive RH
0,0,[],200,39101-3RA1A,Shaft Assembly - Front Drive LH
0,0,[],200,39101-4BA5E,Shaft Assembly - Drive Front LH
0,0,[],200,40014-5RF0A,Knuckle Spindle RH
0,0,[],200,40015-5RF0A,Knuckle Spindle LH
0,0,[],200,40262-4GA0C,Nut - Lock Front Wheel Bearing
0,0,[],200,43018-3TA0A,Housing Assembly - Axle Rear RH
0,0,[],200,430A0-3XA1E,Housing & Final Drive Assembly - Rear Axle
0,0,[],200,430A0-5YE6D,Housing & Final Drive Assembly - Axle Rear
0,0,[],200,43421-M60GA1,Hub Wheel Front
0,0,[],200,43440-M74L10,Bearing Wheel Front
0,0,[],200,44020-EA060,Plate Assembly - Back Brake Rear RH
0,0,[],200,44030-EA060,Plate Assembly - Back Brake Rear LH
0,0,[],200,44081-3JA0C,Pin - Anti Shoe Rattle
0,0,[],200,44083-3JA0C,Spring - Anti Shoe Rattle
0,0,[],200,46020-1HA0A,Cap Assembly - Brake Oil Reservoir Tank
0,0,[],200,46211-3JA0F,Hose Assembly - Brake Front
0,0,[],200,46531-EG01A,Pad - Pedal
0,0,[],200,47210-5RB0B,Booster Assembly - Brake
0,0,[],200,47660-ZX01B,Actuator Assembly - Antiskid
0,0,[],200,48055-EN00A,Clamp - Boot
0,0,[],200,48236-1LB0A,Retainer - Power Steering Gear
0,0,[],200,48700-9N00B,Lock Set - Steering
0,0,[],200,49001-1MT2B,Gear & Linkage Assembly - Power Steering
0,0,[],200,49001-3TP1B,Gear and Linkage Assembly - Power Steering
0,0,[],200,49001-4GE4A,Gear & Linkage Assembly - Power Steering
0,0,[],200,49001-9J400,Gear & Linkage Assembly - Power Steering
0,0,[],200,49110-6Z700,Pump Assembly - Power Steering
0,0,[],200,49200-1CA1A,Gear Assembly - Power Steering
0,0,[],200,49311-1MA2A,Housing & Cylinder Assembly - Power Steering
0,0,[],200,49345-6N200,Seal - O Ring
0,0,[],200,49721-1ZR0A,Hose & Tube Assembly - Power Steering
0,0,[],200,49725-1AA2D,Hose - Return Power Steering
0,0,[],200,49729-2J00B,Clamp
0,0,[],200,49790-9N00B,Oil Cooler Assembly - Power Steering
0,0,[],200,54010-VB91B,Spring - Front
0,0,[],200,54010-VB92B,Spring - Front
0,0,[],200,54035-9AM0A,Seat - Spring Rubber Lower Front
0,0,[],200,54035-EN000,Seat - Front Spring Lower Rubber
0,0,[],200,54302-ZB625,Strut Kit - Suspension Front RH
0,0,[],200,54303-ZB625,Strut Kit - Suspension Front LH
0,0,[],200,54401-9VB0A,Member Complete - Suspension Front
0,0,[],200,54459-JV00D,Bolt
0,0,[],200,54588-AD00A,Nut
0,0,[],200,55036-3TA0A,Seat - Rubber Spring Rear LH
0,0,[],200,55050-3JA0A,Seat - Rubber Spring Rear
0,0,[],200,55120-9HS0A,Link Complete - Suspension Upper Rear
0,0,[],200,55148-ZX00B,Bush - Radius
0,0,[],200,56233-7S001,Clip - Rear Stabilizer
0,0,[],200,62058-JK000,Stiffener - Bumper Side Front RH
0,0,[],200,62086-4RA0A,Moulding - Radiator Grille Lower RH
0,0,[],200,62222-BR00A,Bracket - Bumper Side Front RH
0,0,[],200,62223-BR00A,Bracket - Bumper Side Front LH
0,0,[],200,62226-3JA0A,Bracket - Bumper Side Front RH
0,0,[],200,62227-3JA0A,Bracket - Bumper Side Front LH
0,0,[],200,62257-1BA0A,Finisher - Front Bumper Fascia LH
0,0,[],200,62257-4AF0B,Finisher - Bumper Front
0,0,[],200,62257-4BA0A,Finisher - Bumper Front
0,0,[],200,62822-BV83A,Air Guide - Front RH
0,0,[],200,62823-BV83A,Air Guide - Front LH
0,0,[],200,62890-4RA0B,Emblem - Radiator Grille
0,0,[],200,63101-6CA0A,Fender - Front LH
0,0,[],200,63810-5RB0A,Over Fender - Front RH
0,0,[],200,63840-5RW0B,Protector - Front Fender RH
0,0,[],200,63841-BR20A,Protector - Fender Front LH
0,0,[],200,63843-5R00A,Protector - Fender Front LH
0,0,[],200,63843-5RB0A,Protector - Front Fender LH
0,0,[],200,63844-JK000,Protector - Fender Front RH
0,0,[],200,63865-6CA0A,Protector - Extension Front Fender LH
0,0,[],200,64110149230,Rotary Knob
0,0,[],200,64600-0D070,Lock Assembly Luggage Compartment Door
0,0,[],200,64621-0D070,Striker Luggage Compartment Door Lock
0,0,[],200,65278-4GF0A,Cover - Battery Connector
0,0,[],200,65400-1KA0A,Hinge Assembly - Hood RH
0,0,[],200,65400-JF00B,Hinge Assembly - Hood RH
0,0,[],200,65401-JF00B,Hinge Assembly - Hood  LH
0,0,[],200,65601-3JA1A,Male Assembly - Hood Lock
0,0,[],200,65603-9UA0A,Bell Crank - Hood Lock
0,0,[],200,65820-1CA1C,End Rubber
0,0,[],200,65820-JK000,Seal Assembly - Hood Front RH
0,0,[],200,65821-1CA0A,Seal - Hood Front LH
0,0,[],200,66862-3JA0A,Cover Assembly - Cowl Top
0,0,[],200,66862-WC71A,Cover Assembly - Cowl Top
0,0,[],200,66894-ED50A,Cover - Front Fender RH
0,0,[],200,68200-1KA0A,Panel and Pad Assembly - Instrument
0,0,[],200,68950-69215,Stay Assembly Back Door RH
0,0,[],200,68960-69165,Stay Assembly Back Door LH
0,0,[],200,72613-95F0C,Glass - Windshield
0,0,[],200,72700-ZL51A,Glass - Windshield
0,0,[],200,72752-95F0A,Moulding - Windshield Upper Center
0,0,[],200,72762-95F0A,Moulding - Windshield Side RH
0,0,[],200,75892-BR00A,Cover - Under Engine
0,0,[],200,76850-4RA0B,Mudguard - Sill Center RH
0,0,[],200,76853-3TA1H,Mudguard - Center Front LH
0,0,[],200,76882-1HA0A,Clip
0,0,[],200,80500-JK600,Lock & Remote Control Assembly - Door Front RH
0,0,[],200,80500-ZN90A,Lock & Remote Control Assembly - Door Front RH
0,0,[],200,80501-5RB1A,Lock & Remote Control Assembly - Front Door LH
0,0,[],200,80640-6FK0D,Grip - Outside Handle
0,0,[],200,80644-EL15A,Escutcheon - Outside Handle Door Front LH
0,0,[],200,80645-3TA1A,Escutcheon - Outside Handle Front Door LH
0,0,[],200,80646-6FK0C,Escutcheon Outside Handle Door Front RH
0,0,[],200,80652-EL00A,Gasket - Outside Handle Door
0,0,[],200,80654-EL00A,Gasket - Outside Handle Door
0,0,[],200,80720-3TA2A,Regulator Assembly - Door Window RH
0,0,[],200,80721-1HL0A,Regulator Assembly - Door Window LH
0,0,[],200,80730-3TA0B,Motor Assembly - Regulator RH
0,0,[],200,80870-BT00C,Moulding - Door Front RH
0,0,[],200,80871-BT00C,Moulding - Front Door LH
0,0,[],200,82640-EL12A,Grip - Outside Handle RH
0,0,[],200,82641-EL15A,Grip - Outside Handle LH
0,0,[],200,82731-1HB1A,Motor Assembly - Regulator LH
0,0,[],200,84975-4GA0A,Box Assembly - Luggage Floor Center
0,0,[],200,84996-M65DA0,Cap Wiper Pivot Front
0,0,[],200,85022-6CG0H,Fascia Kit - Bumper Rear
0,0,[],200,85022-9NF0H,Fascia Kit - Bumper Rear
0,0,[],200,85022-9PF3H,Fascia Kit - Bumper Rear
0,0,[],200,85030-9PJ0A,Reinforce - Bumper Center Inner Rear
0,0,[],200,85032-6CA0A,Reinforce - Inner Rear Bumper Center
0,0,[],200,85071-6CA0H,Finisher - Rear Bumper
0,0,[],200,85092-9NC0A,Absorber - Energy Bumper Rear
0,0,[],200,850B2-6CA1H,Fascia - Rear Bumper Lower
0,0,[],200,85284-EG000,Clip
0,0,[],200,86884-1TT0A,Belt Assembly - Tongue Pretensioner Front RH
0,0,[],200,86885-1TT0A,Belt Assembly - Tongue Pretensioner Front LH
0,0,[],200,87066-4HA0A,Switch Assembly - Seat Front LH
0,0,[],200,87106-60340,Damper Servo Sub-Assembly Air Conditioner Radiator No.3
0,0,[],200,88645-1BA0D,Knob - Lock Seat Back Rear
0,0,[],200,89455-VD400,Cover - Reclining Device Outer LH
0,0,[],200,90100-9NC1A,Door Assembly - Back
0,0,[],200,90300-1HB1A,Glass - Back Door Window
0,0,[],200,90452-1LA0A,Rod Assembly - Support Back Door
0,0,[],200,90560-3JA0D,Drive Unit - Power Back Door
0,0,[],200,90816-9NP2A,Finisher Assembly - Back Door Center
0,0,[],200,90818-9NC5B,Finisher Assembly - Back Door Center
0,0,[],200,91295-7S210,Motor Assembly - Sunroof
0,0,[],200,91350-7S212,Rail Assembly - Sunroof
0,0,[],200,92123-0Y000,Shroud - Condenser
0,0,[],200,92411-1LA1B,Hose - Heater Outlet
0,0,[],200,92471-3XB0A,Pipe Assembly - Rear Cooler Low
0,0,[],200,92480-EE90A,Hose - Flexible Low
0,0,[],200,92600-1KC7B,Compressor - Air Conditioner
0,0,[],200,95510-1LA3C,Insulator - Cab Mounting Front
0,0,[],200,96015-3JA0A,Air Spoiler Front
0,0,[],200,96301-BR71C,Door Mirror Assembly RH
0,0,[],200,96302-1CL0B,Door Mirror Assembly - LH
0,0,[],200,96401-EE900,Sun Visor Assembly - LH
0,0,[],200,A0009059906,Radar Sensor Rear
0,0,[],200,A01MA-MA70A,Gasket Kit - Engine Repair
0,0,[],200,A0A01-EY04A,Gasket Kit - Engine Repair
0,0,[],200,A1648805114,Center Bracket
0,0,[],200,A1668804600,Inner Bracket RH
0,0,[],200,A2010-5V18B,Piston - with Pin
0,0,[],200,A2228200874,Reflector Panel Upper Rear RH
0,0,[],200,A2538300701,Hose Assembly
0,0,[],200,A292490120064,Muffler Rear
0,0,[],200,A2926100000,Impact Bar Rear
0,0,[],200,A2928840300,Valance Panel
0,0,[],200,A29288513259999,Bumper Cover
0,0,[],200,AWA0-21-500,Strainer Oil
0,0,[],200,B635-42-250,Cap Filler
0,0,[],200,B8890-L575R,Blade Assembly - Windshield Wiper
0,0,[],200,BBM4-51-4C5,Bulb
0,0,[],200,BFY4-43-7AZB,Unit Hydraulic - Anti-Lock Braking System
0,0,[],200,C9241-JA10K,Dust Boot Kit - Repair Outer
0,0,[],200,C9741-3JA1A,Boot Kit - Dust Rear Drive Shaft Repair
0,0,[],200,C9741-ED300,Boot Kit - Dust Rear Drive Shaft Repair
0,0,[],200,CY01-10-400A,Pan Oil
0,0,[],200,CY01-15-182,Radiator Hose Clamp
0,0,[],200,D8520-4RG0A,Socket Kit - Tie Rod Outer
0,0,[],200,D8521-5RL0A,Socket Kit - Tie Rod Inner
0,0,[],200,E6110-5ZT0A,Shock Absorber Kit Front
0,0,[],200,E6110-JU51B,Shock Absorber Kit Front
0,0,[],200,E6111-JU51B,Shock Absorber Kit Front
0,0,[],200,E6210-9NF0A,Shock Absorber Kit Rear
0,0,[],200,E6210-JU50A,Shock Absorber Kit Rear
0,0,[],200,F2030-3AWEH,Armature Assembly - Front Bumper
0,0,[],200,F2210-5RBMH,Stay - Front Bumper RH
0,0,[],200,F2211-5RBMH,Stay - Front Bumper LH
0,0,[],200,F2511-3ARBH,Support - Radiator Core Upper
0,0,[],200,F510M-4CCMA,Hood
0,0,[],200,FBM22-ZL0MA,Fascia Kit - Bumper Front
0,0,[],200,G22C-59-58XC,Motor Window RH
0,0,[],200,G5115-3BBMA,Member Assembly - Front Side LH
0,0,[],200,GBVH-63-900B,Glass Windshield
0,0,[],200,GJ6A-58-58XC,Motor Window RH
0,0,[],200,GS3L-56-930,Damper Stay - Trunk Lid
0,0,[],200,GS4H-32-681,Hose Return
0,0,[],200,K3H28-VK200,Over Fender Rear RH
0,0,[],200,K8510-3YL2A,Module Assembly - Air Bag LH
0,0,[],200,K8515-3PT1A,Module Assembly - Air Bag RH
0,0,[],200,K8820-4HD0A,Sensor - Side Air Bag Center
0,0,[],200,KDY0-34-88Y,Bracket LH
0,0,[],200,LFDC-10-450,Gauge Oil Level
0,0,[],200,TD11-50-EM1,Tape Protector
0,0,[],200,TD1-151-960K-70,Spoiler Rear
0,0,[],200,TD11-66-350A,Switch Power Window Front LH
0,0,[],200,TDY1-57-820A-34,Belt A Rear Seat No.2
0,0,[],200,TG15-88-2G7-24,Seat Back Recliner Adjustment Handle Rear
0,0,[],200,TG15-88-2H7-24,Seat Back Recliner Adjustment Handle LH
0,0,[],200,TK21-50-710D-PZ,Grille Radiator
0,0,[],200,TK21-56-251,Plate Seal RH
0,0,[],200,TK21-56-253,Plate Seal LH
0,0,[],200,TK32-51-160A,Lamp Combination Rear LH
0,0,[],200,TK40-51-041,Unit Head Lamp LH
0,0,[],200,UM51-33-061A,Hub Wheel
0,0,[],200,UM51-33-062,Bolt Hub
0,0,[],200,WL81-10-440A,Pipe Oil Level Gauge
0,0,[],200,22674119,Insulator Exhaust Muffler Hanger
0,0,[],200,8R0807681M BJI,Air Guide Grille Satin Black/Chrome
0,0,[],200,8R0941355,Retaining Plate LH
0,0,[],200,8R0941356,Retaining Plate RH
0,0,[],200,35310-2GTA1,Fuel Injector
0,0,[],200,JR3Z-6342006-B,Glass-Back Window
0,0,[],200,26550-3SB0B,Combination Lamp Assembly-Rear LH
0,0,[],200,80820-3SB0B,Moulding Assembly - Door Outside Front RH
0,0,[],200,04893803AA,Seal Front
0,0,[],200,05142560AC,Disc Brake Pad Kit Rear
0,0,[],200,05174001AD,Disc Brake Pad Kit Front
0,0,[],200,05272758AH,Strut - Suspension Front RH
0,0,[],200,05272759AH,Strut - Suspension Front LH
0,0,[],200,06036308AA,Plug - Pipe
0,0,[],200,06102430AA,Bolt - Hexagon Head
0,0,[],200,06510763AA,Bolt - Hexagon Head
0,0,[],200,12597172,Housing Assembly - Engine Coolant Thermostat Lower
0,0,[],200,12642163,Cap Assembly Oil Filler
0,0,[],200,12654644,Rail - Fuel Injection
0,0,[],200,12665165,Ring Kit Piston
0,0,[],200,13502179,License Lamp Rear
0,0,[],200,13540601,Sensor Assembly Tire Pressure Indicator
0,0,[],200,13590043,Lamp Assembly License Plate Rear
0,0,[],200,19257296,Seal Assembly Drive Axle Shaft Inner Front LH
0,0,[],200,19352674,Belt Kit - Seat Rear LH
0,0,[],200,19353976,Module Kit - Fuel Pump & Level Sensor
0,0,[],200,19421287,Brake Pads Front
0,0,[],200,1BP00013AA,Brake Rotor Rear
0,0,[],200,1BP00029AA,Rotor - Brake Front
0,0,[],200,1BP00031AA,Brake Rotor
0,0,[],200,1BP00289AA,Pad Kit - Front Disc Brake
0,0,[],200,1BP00321AA,Pad Kit - Disc Brake Front
0,0,[],200,1LM50DX9AP,Panel Shelf Rear
0,0,[],200,1NC27DX9AA,Sleeve - Headrest
0,0,[],200,1QC05JAHAF,Outlet - Air Conditioning & Heater
0,0,[],200,1VM62DX9AB,Outlet - Center RH
0,0,[],200,1WG57DX9AC,Outlet - Air Conditioning & Heater LH
0,0,[],200,1YV24DX9AA,Molding - Windshield
0,0,[],200,1ZV36DX9AC,Bezel - Paddle Switch Cover
0,0,[],200,20834663,Strut Assembly Suspension Front LH
0,0,[],200,20834664,Strut Assembly Suspension Front RH
0,0,[],200,20933968,Strut Hood
0,0,[],200,22745039,Lock Assembly Side Door RH
0,0,[],200,22796413,Shaft Assembly - Wheel Drive Front LH
0,0,[],200,22796414,Shaft Assembly - Wheel Drive Front RH
0,0,[],200,22812772,Cap - Door Lock Inside Handle Front
0,0,[],200,22813702,Step Running Board LH
0,0,[],200,22927251,Link Assembly Suspension Lateral Lower Rear
0,0,[],200,22936482,Bracket Parking & Fog Lamp Front LH
0,0,[],200,22936501,Deflector Radiator Air Lower
0,0,[],200,22945153,Strut Assembly Suspension Front RH
0,0,[],200,23108153,Insert Bumper Step Pad Anthracite Rear RH
0,0,[],200,23112266,Support Bumper Fascia Outer Rear RH
0,0,[],200,23169391,Motor Assembly 3rd Row Seat Back Pivot Actuator
0,0,[],200,23327960,Panel Assembly - Rear End
0,0,[],200,23332241,Lamp Assembly Fog Front LH
0,0,[],200,23365760,Deflector - Radiator Air Lower
0,0,[],200,23384197,Knuckle Steering LH
0,0,[],200,23384198,Knuckle Steering RH
0,0,[],200,23402539,Control Arm Rear
0,0,[],200,23434158,Fan Assembly Engine Cooler
0,0,[],200,23467351,Glass Outside View Mirror Rear RH (with Backing Plate)
0,0,[],200,24276411,Module Assembly Transmission Control
0,0,[],200,25201279,Filter Kit Oil
0,0,[],200,25201447,Housing Assembly Engine Coolant Thermostat
0,0,[],200,25202791,Coil Assembly Ignition
0,0,[],200,25796295,Retainer Seat Reclining Finish Cover Outer Front LH
0,0,[],200,25871215,Absorber Assembly Shock Front
0,0,[],200,2AMR3157AA,Engine Cooling Radiator
0,0,[],200,33100-WG00B,Transfer Assembly
0,0,[],200,42603-60180,Ornament Sub-Assembly Wheel Hub Front
0,0,[],200,42794691,Shoe Kit Brake Rear
0,0,[],200,42816046,Lamp Assembly - Fascia Rear Lower
0,0,[],200,4627533AC,Tensioner - Belt
0,0,[],200,4672850AB,Camera
0,0,[],200,4726022AB,Bracket - Engine Mount RH
0,0,[],200,47731-36020,Piston Disc Brake Front
0,0,[],200,47750-06230,Cylinder Assembly Disc Brake LH
0,0,[],200,48080-5KE2A,Joint Assembly - Steering Column Lower
0,0,[],200,4865485AI,Headlamp LH
0,0,[],200,4891738AD,Linear Purge Valve
0,0,[],200,4892843AB,Throttle Body
0,0,[],200,4895415AB,Spacer Lower
0,0,[],200,4895516AC,Shock Absorber - Suspension
0,0,[],200,4895517AC,Shock Absorber - Suspension
0,0,[],200,4895682AB,Absorber - Suspension Rear
0,0,[],200,5023881AG,Lamp - Cargo
0,0,[],200,5064351AB,Antenna Mast
0,0,[],200,5108064AA,Pull Cup - Deck Lid Inner
0,0,[],200,5113688AC,Grille - Lower
0,0,[],200,5139835AC,Blade - Wiper Rear
0,0,[],200,5168881AC,Coil Spring Front
0,0,[],200,5168882AB,Coil Spring Front
0,0,[],200,5168900AC,Coil Spring Rear
0,0,[],200,5168951AB,Coil Spring Rear
0,0,[],200,5179880AE,Disc Brake RH
0,0,[],200,5181804AG,Shock Absorber - Suspension Rear
0,0,[],200,5181805AG,Shock Absorber - Suspension Rear
0,0,[],200,5182268AD,Bracket - Fascia Support RH
0,0,[],200,5183276AA,Wiper Blade Rear
0,0,[],200,5184693AE,Engine Intake Manifold
0,0,[],200,5189951AA,Fascia Rear
0,0,[],200,52013752AA,Lock Set - Wheel
0,0,[],200,52059971AC,Stabilizer Bar Front
0,0,[],200,52060058AH,Damper - Steering Front
0,0,[],200,52109781AF,Gearshift Control Cable
0,0,[],200,52125450AC,Bracket - Transmission Mount Rear
0,0,[],200,52126317AC,Coil Spring Front
0,0,[],200,52129268AE,Insulator - Engine Mount RH
0,0,[],200,52129269AE,Insulator - Engine Mount LH
0,0,[],200,52854760AA,Gasket - Oil Pan
0,0,[],200,53022258AE,Piston RH
0,0,[],200,53032023AC,Throttle Body
0,0,[],200,53032221AA,Plug - Cylinder Block
0,0,[],200,5303880AK,Lamp - Tail Stop Turn Sidemaker
0,0,[],200,54401-D2000,Arm Complete - Upper RH
0,0,[],200,55037600AD,Air Conditioning Accumulator
0,0,[],200,55038107AC,Line - Air Conditioner Suction
0,0,[],200,55038118AA,Hose - Radiator Inlet
0,0,[],200,55038119AA,Hose - Radiator Outlet
0,0,[],200,55038994AI,Fan Module - Radiator Cooling
0,0,[],200,55056542AE,Bottle - Coolant Recovery
0,0,[],200,55078104AC,Fog Lamp Rear RH
0,0,[],200,55078150AD,Headlamp RH
0,0,[],200,55079191AE,Belly Pan Lower Front
0,0,[],200,55112709AF,Headlamp
0,0,[],200,55112752AD,Windshield
0,0,[],200,55113686AG,Handle - Exterior Door RH
0,0,[],200,55155622AB,Decal
0,0,[],200,55156022AA,Decal
0,0,[],200,55156026AA,Decal
0,0,[],200,55156555AE,Decal
0,0,[],200,55156814AE,Grille - Radiator
0,0,[],200,55295254,Name Plate - Lift Gate
0,0,[],200,55395241AI,Weatherstrip - Windshield To Cowl
0,0,[],200,55397091AC,Cover - Tailgate Hinge Lower
0,0,[],200,55398940AB,Bushing - Stabilizer Bar
0,0,[],200,55399175AE,Weatherstrip - Liftgate Opening
0,0,[],200,55399256AE,Weatherstrip - Door Secondary Front
0,0,[],200,56029597AB,Generator - Engine
0,0,[],200,56029780AD,Engine Starter
0,0,[],200,56038725AC,Mast - Antenna
0,0,[],200,56046631AA,Switch - Mirror
0,0,[],200,57010288AD,Bracket - Fascia Support RH
0,0,[],200,5EM87SA1,Nameplate
0,0,[],200,5EM89SA1,Decal
0,0,[],200,5FC81TW1,Decal - Bodyside
0,0,[],200,5FM62SX9,Decal 4x4
0,0,[],200,5GC82CA1AA,Decal
0,0,[],200,5GD07CA1AA,Decal Front
0,0,[],200,5GM60CA1AA,Front Door Decal
0,0,[],200,5GN26CA1AA,Decal
0,0,[],200,5HD22CA1AA,Decal
0,0,[],200,5LB70DX9AH,Module - Steering Column
0,0,[],200,5LY47DX9AI,Module - Steering Column
0,0,[],200,5ME36HL1AE,Seat Belt Outer Front
0,0,[],200,5ME36LU5AC,Seat Belt Outer Front
0,0,[],200,5ME37LU5AC,Seat Belt Outer Front
0,0,[],200,5MH75DX9AA,Headrest Rear
0,0,[],200,5QJ75TZZAA,Molding - Wheel Opening Flare Front LH
0,0,[],200,5SQ20JXPAA,Bezel - Steering Wheel Center
0,0,[],200,5VN10RXFAQ,Targa Top Panel RH
0,0,[],200,5VN11RXFAQ,Targa Top Panel LH
0,0,[],200,6104382AA,Screw - Hexagon Head
0,0,[],200,62229-4GA0B,Clip LH
0,0,[],200,62256-6JE0E,Grille - Bumper Front
0,0,[],200,62259-6TD0A,Finisher - Bumper Outer Front
0,0,[],200,62310-6JE0C,Grille Assembly Front
0,0,[],200,62310-6TA1A,Grille Assembly Front
0,0,[],200,63101-6TA0A,Fender Front LH
0,0,[],200,6407A325WD,Garnish - Bumper Side Front
0,0,[],200,6407A326WD,Garnish - Bumper Side Front
0,0,[],200,6410D896WA,Cover - Bumper Rear
0,0,[],200,6506826AA,Screw
0,0,[],200,6509760AA,Screw - Hexagon Flange Head M8x1.25x40
0,0,[],200,68002490AB,Arm and Blade - Wiper Rear
0,0,[],200,68002893AA,Door Window Regulator Rear LH
0,0,[],200,68003363AF,Anti-Lock Brake System Module
0,0,[],200,68004242AA,Evaporator - Air Conditioning
0,0,[],200,68004422AA,Regulator RH
0,0,[],200,68004423AA,Regulator LH
0,0,[],200,68004458AA,Coil Spring Rear
0,0,[],200,68014953AA,Window Regulator Motor LH
0,0,[],200,68028890AA,Motor - Blower with Wheel
0,0,[],200,68039279AC,Booster - Power Brake
0,0,[],200,68040220AC,Weatherstrip - Hood to Radiator
0,0,[],200,68041718AD,Link - Stabilizer Bar
0,0,[],200,68042668AC,Mount - Strut
0,0,[],200,68066970AA,Valve - Air Conditioning Expansion
0,0,[],200,68067515AE,Shock Absorber Rear
0,0,[],200,68067516AG,Shock Absorber Front
0,0,[],200,68069676AD,Shock Absorber Rear
0,0,[],200,68073217AC,Engine Mount RH
0,0,[],200,68073648AA,Filter - Air
0,0,[],200,68078976AA,Drier - Receiver
0,0,[],200,68079799AA,O Ring - Fuel Pump And Level Unit
0,0,[],200,68081614AD,Engine Isolator
0,0,[],200,68082538AB,Bracket - Battery
0,0,[],200,68084180AA,Filter - Receiver Drier
0,0,[],200,68084597AB,Seal - Hood LH
0,0,[],200,68086134AA,Valve - Air Conditioning Line
0,0,[],200,68090673AA,Piston Pin and Rod
0,0,[],200,68091278AE,Brake Master Cylinder
0,0,[],200,68092206AA,Ring Kit - Piston
0,0,[],200,68092570AA,Plug - Fog Lamp Hole
0,0,[],200,68093446AC,Grille - Radiator
0,0,[],200,68096439AJ,Park and Turn Headlamp LH
0,0,[],200,68096453AB,Filter - Cabin Air
0,0,[],200,68100676AA,Seal - Slim Line 3/8inch
0,0,[],200,68100679AA,Seal - Slim Line 5/8inch
0,0,[],200,68100682AA,Seal - Slim Line
0,0,[],200,68101332AA,Washer
0,0,[],200,68102560AE,Panel - Fender To Cowl RH
0,0,[],200,68102561AE,Panel - Fender To Cowl LH
0,0,[],200,68103030AD,Check - Door Front
0,0,[],200,68105152AB,Hood Prop RH
0,0,[],200,68105153AB,Hood Prop LH
0,0,[],200,68110016AF,Lamp - Tail RH
0,0,[],200,68110046AH,Backup Lamp RH
0,0,[],200,68110244AE,Transmission Mount Isolator
0,0,[],200,68137297AA,Seal Kit - Transmission Oil Cooler
0,0,[],200,68139497AF,Suspension Shock Absorber Kit Front
0,0,[],200,68140322AA,Medallion - Ram Head
0,0,[],200,68142803AE,Fuel Tank
0,0,[],200,68143988AA,Door Window Regulator Motor Rear
0,0,[],200,68145835AE,Anti - Lock Brake System Module
0,0,[],200,68152002AA,Seal - Slim Line 3/8inch
0,0,[],200,68154305AB,Fuel Pump/Level Unit Module Kit
0,0,[],200,68154647AA,Anti-Lock Brake Control Unit Module
0,0,[],200,68158775AC,Funnel - Fuel Tank Filler Tube
0,0,[],200,68160855AC,Bumper Front RH
0,0,[],200,68164876AA,Filter - Fuel Vapor Vent Diesel
0,0,[],200,68175096AA,Bracket - License Plate
0,0,[],200,68185497AB,Mechanism - Headrest Folding
0,0,[],200,68188030AC,Tray - Battery
0,0,[],200,68193658AA,Axle Half Shaft RH
0,0,[],200,68193659AA,Axle Half Shaft LH
0,0,[],200,68194931AB,Front Wiper Blade LH
0,0,[],200,68197436AA,Valve - Air Conditioner Expansion
0,0,[],200,68197440AB,Control - Auto Temperature
0,0,[],200,68197697AA,Fascia Upper Front
0,0,[],200,68200291AA,Lamp - Park and Turn Signal LH
0,0,[],200,68200524AA,Valve - Air Conditioner Expansion
0,0,[],200,68209679AE,Shield - Wheelhouse LH
0,0,[],200,68211910AB,Cap - Master Cylinder Reservoir
0,0,[],200,68212569AA,Pan - Engine Oil
0,0,[],200,68219829AA,Bracket - Tail Lamp
0,0,[],200,68224909AD,Isolator - Transmission Mount Rear
0,0,[],200,68226530AF,Panel - Under Hood Appearance
0,0,[],200,68227765AB,Lubricant - Gear
0,0,[],200,68227807AB,Seal - Output LH
0,0,[],200,68232485AB,Bumper Bracket Kit Inner
0,0,[],200,68236159AB,Engine Mount Isolator RH
0,0,[],200,68236162AB,Insulator - Transmission Mount
0,0,[],200,68237103AA,Jack - Scissors
0,0,[],200,68238002AE,Horn
0,0,[],200,68240765AB,Engine Mount Isolator LH
0,0,[],200,68241037AA,Nameplate - Liftgate
0,0,[],200,68243695AA,Beam - Bumper Front
0,0,[],200,68243730AA,Nameplate - Hood
0,0,[],200,68243736AF,Panel - Radiator Closure
0,0,[],200,68243851AA,Fender
0,0,[],200,68244074AA,Hood Hinge RH
0,0,[],200,68244075AA,Hinge - Hood LH
0,0,[],200,68245567AA,Isolator - Engine Mount
0,0,[],200,68245568AA,Isolator - Transmission Mount Front
0,0,[],200,68248765AC,Air Dam
0,0,[],200,68248846AF,Hose - Radiator Outlet
0,0,[],200,68249185AD,Fan Module - Radiator Cooling
0,0,[],200,68249847AD,Mirror - Outside View Rear LH
0,0,[],200,68251534AE,Compressor - Air Conditioning
0,0,[],200,68253406AC,Isolator - Spring Upper Front
0,0,[],200,68256680AC,Brake Rotor Rear
0,0,[],200,68262530AH,Tail Lamp RH
0,0,[],200,68265330AA,Hose - Air Make-Up
0,0,[],200,68268197AA,Exhaust Hanger Bracket
0,0,[],200,68268201AM,Exhaust Muffler
0,0,[],200,68268203AG,Pipe - Exhaust
0,0,[],200,68268213AA,Exhaust - Tailpipe
0,0,[],200,68268397AA,Isolator - Exhaust Support
0,0,[],200,68270814AD,Shield - Splash Front RH
0,0,[],200,68271824AA,Ring - Decoupler
0,0,[],200,68272794AA,Condenser - Air Conditioning
0,0,[],200,68273114AB,Isolator - Spring Upper Rear
0,0,[],200,68273401AA,Engine Cooling Radiator
0,0,[],200,68275595AB,Hose - Windshield Washer
0,0,[],200,68275595AC,Windshield Washer Hose
0,0,[],200,68275662AB,Exhaust Bracket LH
0,0,[],200,68276319AC,Nameplate
0,0,[],200,68283565AB,Bottle - Coolant Recovery
0,0,[],200,68285577AA,Shield - Wheelhouse LH
0,0,[],200,68289857AA,Reservoir - Coolant
0,0,[],200,68292169AB,Compressor - Air Conditioning
0,0,[],200,68292350AC,Module - Steering Column Lock
0,0,[],200,68292954AB,Suspension Shock Absorber Kit Rear
0,0,[],200,68293126AH,Lamp - Park And Turn Signal RH
0,0,[],200,68293167AD,Fuel Filler Housing
0,0,[],200,68305562AB,Brake Rotor Front
0,0,[],200,68309893AL,Tailgate Latch LH
0,0,[],200,68312079AM,Tailgate Latch RH
0,0,[],200,68312374AB,Fuel Pump/Level Unit Module
0,0,[],200,68312896AC,Jack - Scissors
0,0,[],200,68326414AA,Damper
0,0,[],200,68328821AB,Tailgate Support
0,0,[],200,68330920AJ,Door - Fuel Fill
0,0,[],200,68334880AB,Luggage Rack Side Rail RH
0,0,[],200,68343428AH,Mirror - Outside Rearview RH
0,0,[],200,68352175AA,Differential - Axle Front
0,0,[],200,68352789AC,Beam - Bumper Front
0,0,[],200,68359569AC,Blade - Front Wiper LH
0,0,[],200,68375333AA,Camera - View Rear
0,0,[],200,68382719AA,Seal - Torque Converter
0,0,[],200,68384344AC,Suspension Shock Absorber Kit Front RH
0,0,[],200,68395841AA,Exhaust Bracket RH
0,0,[],200,68396317AA,Hose - Radiator Inlet
0,0,[],200,68396318AA,Hose - Coolant Recovery Bottle
0,0,[],200,68404400AB,Valance Rear Inner
0,0,[],200,68404401AB,Valance - Rear Inner RH
0,0,[],200,68404404AB,Valance - Outer Rear RH
0,0,[],200,68404405AB,Valance - Rear Outer LH
0,0,[],200,68404447AC,Bracket - Step Bumper
0,0,[],200,68406531AA,Sensor - Tire Pressure
0,0,[],200,68408777AB,Seal Kit - Drive Shaft
0,0,[],200,68421850AB,Crankshaft Oil Retainer and Seal Rear
0,0,[],200,68431539AB,Transmission Valve Body & Control Unit
0,0,[],200,68445432AA,Condenser - Air Conditioner
0,0,[],200,68448353AA,Liner - Fender Front LH
0,0,[],200,68462533AA,Brake Rotor LH
0,0,[],200,68480592AC,Support - Engine Mount RH
0,0,[],200,68480593AC,Support - Engine Mount LH
0,0,[],200,68491689AA,Seal - Fuel Filler Door
0,0,[],200,68499103AA,Bumper Cover Front
0,0,[],200,68518248AB,Stabilizer Bar
0,0,[],200,68519121AA,Isolator - Exhaust Support
0,0,[],200,68524063AA,Hood Panel
0,0,[],200,68527781AB,Shock Absorber Front
0,0,[],200,68527789AB,Suspension Shock Absorber Kit Rear
0,0,[],200,68531059AB,Shock Absorber Front LH
0,0,[],200,68531060AB,Shock Absorber Front RH
0,0,[],200,68535620AA,Filter - Cabin Air
0,0,[],200,68535624AA,Cabin Air Filter
0,0,[],200,68563830AA,Sensor - Anti-Lock Brake Front
0,0,[],200,68596318AB,Engine Oil Filter Housing
0,0,[],200,68623973AB,Tailgate
0,0,[],200,68624105AA,Damper - Steering
0,0,[],200,68624782AA,Gear - Rack And Pinion
0,0,[],200,68641995AA,Head - Engine Cylinder
0,0,[],200,6BR83TX7AJ,Visor - Illuminated
0,0,[],200,6CJ10DX9AA,Visor LH
0,0,[],200,6CJ15DX9AA,Visor - with Mirror
0,0,[],200,6EF95TX7AE,Visor Support
0,0,[],200,6MK25TZZAA,Sensor - Park Assistant
0,0,[],200,6QD05TX7AE,Handle - Seat Release
0,0,[],200,6RN811AUAA,Tailgate Handle
0,0,[],200,6TM16DX9AB,Vehicle Feature Controls
0,0,[],200,75435-60150,Ornament Back Door
0,0,[],200,75881-6RA0A,Cover Front Under Rear
0,0,[],200,76802-TG7-A01,Cap Washer Mouth
0,0,[],200,80321-TF0-G01,Pipe Assembly Air Conditioner
0,0,[],200,80720-9N00A,Regulator Assembly - Door Window RH
0,0,[],200,80731-JB100,Motor Assembly - Regulator LH
0,0,[],200,80819-3BB0B,Tape Front Door Sash Rear LH
0,0,[],200,81560-60252,Lamp Assembly Combination Rear LH
0,0,[],200,82213653AB,Rubicon Front
0,0,[],200,82214166AB,Torx Tool Kit
0,0,[],200,84001484,Fan Assembly Engine Cooler
0,0,[],200,84016173,Hose Radiator Surge Tank Inlet
0,0,[],200,84041452,Mount Engine
0,0,[],200,84078809,Panel - Bumper Valance Rear
0,0,[],200,84264213,Gate Assembly Pickup Box End Rear
0,0,[],200,84307-30130,Cable Sub Assembly Spiral with Sensor
0,0,[],200,84321748,Shaft Assembly Intermediate Steering Lower
0,0,[],200,84371057,Molding Bumper Fascia Black Ice Chrome Rear
0,0,[],200,84384224,Strut Assembly Suspension Front LH
0,0,[],200,84408066,Fascia Assembly Bumper Upper Front
0,0,[],200,84412246,Stiffener Bumper Fascia Lower Front
0,0,[],200,84413377,Pipe Assembly Exhaust Front
0,0,[],200,84510-1M0008O,Housing Assembly - Glove Box
0,0,[],200,84511957,Column Steering
0,0,[],200,84597919,Cluster Assembly Instrument
0,0,[],200,84613733,Blade Assembly Windshield Wiper RH
0,0,[],200,84630-3RA0A,Lock Assembly - Trunk Lid
0,0,[],200,84631821,Boot Kit Wheel Drive Shaft Tri-Pot Joint Front RH
0,0,[],200,84637387,Strut Assembly Suspension Front LH
0,0,[],200,84637388,Strut Assembly Suspension Front RH
0,0,[],200,84692604,Weatherstrip Assembly - Door Front
0,0,[],200,84702-78K20-ZMA,Mirror Assembly - Outer View Rear LH
0,0,[],200,84748134,Cradle Assembly Drivetrain and Suspension Front
0,0,[],200,84749052,Shock Absorber with Upper Mount Rear
0,0,[],200,84815559,Headlamp Assembly Front RH
0,0,[],200,84830-3BB2A,Weatherstrip - Trunk Lid
0,0,[],200,84849416,Lamp Assembly Body Structure Stop Rear LH
0,0,[],200,84879262,Motor Assembly Auxiliary Blower Rear
0,0,[],200,84973150,Windshield Assembly
0,0,[],200,850B0-6RN0B,Fascia - Bumper Lower Rear
0,0,[],200,85134423,Pad Kit Disc Brake Rear
0,0,[],200,8600A523,Switch - Steering Column
0,0,[],200,86785939,Lock Assembly Sliding Door Center Rear RH
0,0,[],200,87842734,Headlamp Assembly Front LH
0,0,[],200,87842735,Headlamp Assembly Front RH
0,0,[],200,87940-42C00,Mirror Assembly Outer Rear View LH
0,0,[],200,88650-0D490,Amplifier Assembly Air Conditioner
0,0,[],200,92218317,Motor Assembly Engine Coolant Fan
0,0,[],200,92237365,Motor Assembly Engine Cooling Fan LH
0,0,[],200,93828-5ZT1B,Over Fender Rear RH
0,0,[],200,93828-5ZT2B,Over Fender Rear RH
0,0,[],200,94513099,Valve Kit - Air Conditioning Evaporator Thermal Expansion
0,0,[],200,94525787,Knuckle Steering RH
0,0,[],200,94560526,Control Assembly Blower Motor
0,0,[],200,94831152,Bezel Fog Lamp Front RH
0,0,[],200,95182247,Container Windshield Washer Solvent
0,0,[],200,95211458,Hose - Heater Outlet
0,0,[],200,95275451,Molding Assembly Fender Wheel Opening Anthracite Front RH
0,0,[],200,95977440,Door Assembly Fuel Tank Filler
0,0,[],200,96101-6JE0B,Step Assembly - Side LH
0,0,[],200,96961786,Cap - Air Conditioning Refrigerant Service Valve
0,0,[],200,97040-A0900RA5,Air Ventilator Assembly - Console
0,0,[],200,98830-1EA0A,Sensor Assembly - Side Air Bag RH
0,0,[],200,BBH6F001AA,Battery - Storage
0,0,[],200,L0PSX24W,Bulb
0,0,[],200,MQ300811,Engine - Oil Pan
0,0,[],200,R6044735AB,Starter Compatible
0,0,[],200,R8454628AB,Transfer Case
0,0,[],200,RL078840AA,Converter - Torque
0,0,[],200,SPLZTR5A13,Spark Plug
0,0,[],200,TK70-51-0L0F,Unit Headlamp LH
0,0,[],200,WBF00021AB,Blade Wiper Front
0,0,[],200,WBF00022AB,Blade Wiper Front
0,0,[],200,01469-TA0-A00,Power Set Master (10Inch)
0,0,[],200,04474-36041,Cylinder Kit Wheel Rear
0,0,[],200,04474-36051,Cylinder Kit Wheel Rear
0,0,[],200,05154807AE,Insulator - Transmission Mount
0,0,[],200,10101-VJ089,Gasket Kit - Engine Repair
0,0,[],200,10314213,Cap Coolant Recovery Reservoir
0,0,[],200,10379176,Hose Radiator Inlet Upper
0,0,[],200,11040-VJ26A,Head Assembly - Cylinder
0,0,[],200,11546959,Bolt Engine Cylinder Head
0,0,[],200,11570614,Engine Coolant Reservoir Overflow Hose Clamp
0,0,[],200,11611976,Bolt Engine Cylinder Head
0,0,[],200,1161409,Engine Sealant
0,0,[],200,11704-66031,Bearing Set Crankshaft
0,0,[],200,12204-35040,Valve Sub Assembly Ventilation
0,0,[],200,12262-25060,Hose Ventilation No.2
0,0,[],200,12557840,Bolt Crankshaft Balance
0,0,[],200,12573460,Plug Assembly Engine Block Oil Gallery
0,0,[],200,12574897,Harness Assembly Evaporator Emission Canister
0,0,[],200,12586481,Sprocket Camshaft
0,0,[],200,12588670,Dampener Assembly Timing Chain
0,0,[],200,12595365,Guide Valve Lifter
0,0,[],200,12597774,Tube Assembly Positive Crankcase Ventilation
0,0,[],200,12598832,Cover Assembly Engine Block Valley with Positive Crankcase Ventilation Baffle
0,0,[],200,12600326,Cover Engine Front
0,0,[],200,12626407,Tensioner Kit Timing Chain
0,0,[],200,12631789,Outlet Assembly Water
0,0,[],200,12646781,Sensor Assembly Crankshaft Position
0,0,[],200,12658354,Tube Assembly Evaporator Emission Canister Purge
0,0,[],200,12662732,Cooler Assembly Engine Oil
0,0,[],200,12673134,Sensor Assembly Engine Oil Pressure
0,0,[],200,12677836,Sensor Assembly Engine Oil Pressure
0,0,[],200,12684186,Sensor Assembly Camshaft Position
0,0,[],200,12686433,Pump Assembly Oil
0,0,[],200,12706565,Housing Assembly Engine Coolant Thermostat
0,0,[],200,12713668,Coil Assembly Ignition LH
0,0,[],200,13264-4M502,Cover Assembly - Valve Rocker
0,0,[],200,13418807,Hose & Tube Assembly Seal
0,0,[],200,13503359,Bulb Turn Signal Inner
0,0,[],200,13510671,Fuel Tank & Fuel Pump Module Kit (Without Fuel Level Sensor)
0,0,[],200,13542450,Latch Assembly Liftgate Rear
0,0,[],200,13546861,Disc Brake Rotor Front
0,0,[],200,14056-EZ30C,Hose - Water
0,0,[],200,15057982,Hose Radiator Outlet Lower
0,0,[],200,15768744,Deflector Assembly Air Front
0,0,[],200,15839897,Bulb Fog Lamp Front
0,0,[],200,15855609,Caliper Assembly Brake Rear LH
0,0,[],200,15941080,Cable Assembly Parking Brake Rear LH
0,0,[],200,15941083,Cable Assembly Parking Brake Rear RH
0,0,[],200,16326-31020,Gasket Water Inlet Housing No.2
0,0,[],200,16351-66010,Outlet Water By-Pass
0,0,[],200,16711-20160,Shroud Fan
0,0,[],200,17279-11020,Gasket Turbine Outlet Elbow
0,0,[],200,17452-11070,Clamp Exhaust Pipe
0,0,[],200,19020-RWK-J01,Fan Cooling
0,0,[],200,19129938,Air Conditioner Compressor Assembly
0,0,[],200,19130185,Radiator Inlet Hose Upper
0,0,[],200,19130236,Hose Radiator Outlet Lower
0,0,[],200,19195104,Pump Kit Water
0,0,[],200,19209331,Shock Absorber Kit Front
0,0,[],200,19253263,Pump Kit Water
0,0,[],200,19258266,Seal Kit Wheel Drive Shaft Front
0,0,[],200,19297032,Wire Kit Spark Plug
0,0,[],200,19301277,Seat Belt Kit Buckle Side Rear
0,0,[],200,19329450,Fluid Power Steering
0,0,[],200,19370192,Display Unit
0,0,[],200,19432439,Hose Assembly Air Conditioning Compressor Rear
0,0,[],200,19434111,Turn Signal Lamp Front RH
0,0,[],200,1L2Z-6A642-FA,Oil Cooler Assembly
0,0,[],200,1L2Z-6L266-AA,Tensioner Lower RH
0,0,[],200,1L2Z-8255-AA,Thermostat Gasket Lower
0,0,[],200,1RW94XDVAB,Recliner Handle LH
0,0,[],200,1S7Z-6507-B,Valve - Inlet
0,0,[],200,20840183,Mount Transmission Front
0,0,[],200,20846189,Switch Outside View Mirror Remote Control Rear
0,0,[],200,20888729,Insulator Spring Upper Front
0,0,[],200,208A2-6CE0B,Three Way Catalytic Converter
0,0,[],200,20909156,Strut Assembly Suspension Front LH
0,0,[],200,20909157,Strut Assembly Suspension Front RH
0,0,[],200,20916195,Retainer Assembly Side Door Opening Floor Carpet Rear
0,0,[],200,20917598,Switch Assembly Side Door Window & Multifunction Black Front LH
0,0,[],200,20951798,Fascia Bumper Rear
0,0,[],200,20983229,Fascia Bumper Upper Front
0,0,[],200,20987301,Applique Tail Lamp RH
0,0,[],200,22737724,Shock Absorber Rear
0,0,[],200,22760422,Strut Assembly Hood
0,0,[],200,22783392,Mount Assembly Engine Front
0,0,[],200,22796502,Door Fuel Tank Filler Rear
0,0,[],200,22803201,Regulator Assembly Side Door Window Front LH
0,0,[],200,22807232,Mount Assembly Suspension Strut Front
0,0,[],200,22813724,Insert Assist Step Front LH
0,0,[],200,22846919,Panel Fender Outer Front LH
0,0,[],200,22855610,Handle Assembly Side Door Inside Ebony Front RH
0,0,[],200,22855636,Handle Assembly Side Door Inside Ebony Rear RH
0,0,[],200,22872781,Bar Bumper Impact Front
0,0,[],200,22874434,Canister Assembly Evaporator Emission
0,0,[],200,22881262,Grille Assembly Radiator Front
0,0,[],200,22889519,Housing Outside View Mirror Rear LH
0,0,[],200,22927216,Control Arm Assembly Front Upper RH
0,0,[],200,22937382,Mount Transmission Center
0,0,[],200,22977480,Fender Assembly Front RH
0,0,[],200,22997387,Cover Outside View Mirror Housing Chrome Rear RH
0,0,[],200,23145496,Liner Fender Wheel House Inner Front LH
0,0,[],200,23255006,Plate Assembly C Pillar Trim Level Name Rear LH
0,0,[],200,23271690,Liner Assembly Wheelhouse Front RH
0,0,[],200,23312177,Axle Assembly Front
0,0,[],200,23345598,Mount Assembly Shock Absorber Front
0,0,[],200,23405719,Shock Absorber Assembly Front
0,0,[],200,23408397,Strut Assembly Hood
0,0,[],200,23670-39485,Injector Assembly
0,0,[],200,24041962,Valve Assembly Control Solenoid (With Body & Transmission Control Module)
0,0,[],200,24222668,Slide Automatic Transmission Fluid Pump
0,0,[],200,24229593,Gasket Control Valve Body Cover
0,0,[],200,24238173,Link Drive Front
0,0,[],200,24297076,Converter Assembly Torque
0,0,[],200,24298677,Sprocket Package Drive & Driven (with Link) Front
0,0,[],200,25051-11120,Converter Sub - Assembly Exhaust Manifold
0,0,[],200,25195776,Cap Assembly Oil Filter
0,0,[],200,25813498,Radiator Assembly
0,0,[],200,25825339,Air Conditioning Compressor
0,0,[],200,25825341,Air Conditioner Compressor
0,0,[],200,25867975,Gate Assembly Lift Rear
0,0,[],200,25890195,Cable Assembly Parking Brake Intermediate
0,0,[],200,25952884,Receiver & Dehydrator Assembly Air Conditioner
0,0,[],200,25964205,Regulator Side Door Window Rear LH
0,0,[],200,25975452,Fascia Bumper Front
0,0,[],200,25979368,Pump Kit Windshield Washer with Seal
0,0,[],200,25984611,Shock Absorber Assembly Rear
0,0,[],200,26171-11020,Gasket Venturi
0,0,[],200,27140-1MA0B,Core Assembly - Front Heater
0,0,[],200,31100-RV0-A01,Alternator Assembly
0,0,[],200,357820795J,Valve
0,0,[],200,35830-T0A-A01ZD,Switch Assembly Sunroof & Map Light
0,0,[],200,39100-6CA0A,Shaft Assembly - Drive Front RH
0,0,[],200,3S4Z-9F675-AA,Filter Assembly
0,0,[],200,3W1Z-6038-CB,Insulator Assembly Front RH
0,0,[],200,3W1Z-6038-DA,Engine Support Insulator Assembly Front LH
0,0,[],200,403150026R,Cap Hub
0,0,[],200,42602-12680,Cap Wheel
0,0,[],200,45461-37111,Rod Steering Tie
0,0,[],200,4581586AB,Air Pump
0,0,[],200,4589131AG,Liftgate Latch
0,0,[],200,47210-EA02B,Booster Assembly - Brake
0,0,[],200,4798125,Seal - Output Shaft
0,0,[],200,4893799AH,Cover - Cylinder Head LH
0,0,[],200,4893800AI,Cover - Cylinder Head RH
0,0,[],200,4H0959651A,Sensor for Longitudinal Acceleration Front
0,0,[],200,4L2Z-6600-A,Pump Assembly - Oil
0,0,[],200,4W1Z-5493-BA,Bush Front
0,0,[],200,5047388AD,Tube - Oil Cooler
0,0,[],200,5113712AC,Grille - Radiator
0,0,[],200,51167345673,Mirror Assembly Front LH
0,0,[],200,51350-SWA-E50,Arm Assembly Front Lower (Hid) RH
0,0,[],200,51360-SWA-E40,Arm Assembly Front Lower LH
0,0,[],200,51417076291,Pull Handle LH
0,0,[],200,51417076775,Pull Handle LH
0,0,[],200,51449196977,Rear Lamp Cover
0,0,[],200,5154663AC,Pump - Power Steering
0,0,[],200,5179962AA,Window Regulator Motor RH
0,0,[],200,52371-T0G-A02,Arm Complete Rear Trailing  LH
0,0,[],200,52458768,Cap Air Conditioning Refrigerant Service Valve Lower
0,0,[],200,53009180AB,Sleeve - Pilot
0,0,[],200,53875-12310,Liner Fender Front RH
0,0,[],200,55079143AC,Hose - Windshield Washer Rear
0,0,[],200,55111506AC,Compressor - Air Conditioning
0,0,[],200,55326-D8000,Bumper - Rubber
0,0,[],200,55348-E4000,Bumper - Spring Rear
0,0,[],200,55571454,Seal Transfer Case Input Shaft Bearing Retainer Front LH
0,0,[],200,55620-0E120,Holder Assembly Instrument Panel Cup
0,0,[],200,55881-3M000,Compressor Assembly
0,0,[],200,57450-TBA-A03,Sensor Assembly Front RH
0,0,[],200,57455-TEX-R02,Sensor Assembly Front LH
0,0,[],200,58835-0E090-E0,Ornament Console Box
0,0,[],200,5H2Z-6700-AA,Seal Assembly - Crankshaft Oil - Front
0,0,[],200,5L8Z-2L454-AA,Reservoir - Brake Fluid
0,0,[],200,5Q0919279,Rear Warning Buzzer and Sensor
0,0,[],200,5R3Z-2C026-A,Brake Rotor Assembly
0,0,[],200,5R3Z-6B209-BA,Tensioner
0,0,[],200,5R3Z-7L596-A,Kit - Clutch Repair
0,0,[],200,5U2Z-1V125-AB,Rotor Assembly Front
0,0,[],200,5U2Z-2V001-K,Kit - Brake Lining Front
0,0,[],200,5U2Z-2V200-E,Kit - Brake Shoe And Lining
0,0,[],200,5VJ45DX9AB,Plug - Instrument Panel LH
0,0,[],200,5VJ46DX9AB,Plug - Instrument Panel RH
0,0,[],200,61677350647,Spray Nozzle LH
0,0,[],200,61677350648,Spray Nozzle RH
0,0,[],200,63843-6KT0A,Protector - Front Fender LH
0,0,[],200,64539209718,Pressure Hose Assembly
0,0,[],200,68002491AA,Cap - Wiper Arm Rear
0,0,[],200,68002888AA,Door Window Regulator Rear RH
0,0,[],200,68048762AC,Bracket - License Plate
0,0,[],200,68085690AC,Switch - Power Window
0,0,[],200,68207364AA,Brake Master Cylinder
0,0,[],200,68246462AB,Isolator - Spring Lower
0,0,[],200,68246696AA,Shield - Dust
0,0,[],200,68271987AC,Module - Ignition Switch
0,0,[],200,68277306AA,Spring-Valve
0,0,[],200,68297843AC,Hose - Radiator Inlet Upper
0,0,[],200,68303630AA,Tie Rod - Outer End RH
0,0,[],200,68303631AA,Tie Rod - Outer End LH
0,0,[],200,68304341AA,Strut - Suspension RH
0,0,[],200,68304424AA,Strut - Suspension LH
0,0,[],200,68610-48030,Check Assembly Door Front RH
0,0,[],200,6E5Z-6A228-B,Pulley Assembly - Tension
0,0,[],200,6L3Z-18124-ND,Shock Absorber Assembly
0,0,[],200,6U2Z-10V346-DURM,Alternator
0,0,[],200,6W1Z-5493-B,Insulator Assembly
0,0,[],200,7230A455XB,Trim Quarter Lower LH
0,0,[],200,73126-TVA-A01,Rubber A Windshield Dam
0,0,[],200,74151-TM0-T00,Fender Front Inner LH
0,0,[],200,77740-35520,Canister Assembly Charcoal
0,0,[],200,7E5Z-7H469-C,Input Shaft Seal Inner LH
0,0,[],200,7L2Z-19835-LA,Hose & Tube Assembly
0,0,[],200,7R3Z-9H307-C,Fuel Pump and Sender Assembly
0,0,[],200,7T4Z-15A851-A,Switch - Parking Brake Warning Lamp
0,0,[],200,7T4Z-5A649-AA,Arm Assembly - Suspension Lower Rear
0,0,[],200,7T4Z-7823201-A,Window Regulator LH
0,0,[],200,80220-ST7-A03,Valve Assembly Expansion
0,0,[],200,80813-5KA0A,Tape - Front Door Outside LH
0,0,[],200,81211-12180,Lamp Unit Fog Lamp RH
0,0,[],200,81580-0D130,Reflector Assembly Reflex RH
0,0,[],200,81590-0D110,Reflector Assembly Reflex LH
0,0,[],200,81780-B8000,Lifter Assembly-Tail Gate RH
0,0,[],200,82813-5KA0A,Tape - Rear Door Outside LH
0,0,[],200,82819-5KA0A,Tape - Rear Door Sash Rear LH
0,0,[],200,8321A767,Garnsh Front Bumper LH
0,0,[],200,84053018,Cover Assembly Bumper Fascia Trailer Hitch Rear
0,0,[],200,84055811,Grille Assembly Lower Front
0,0,[],200,84062807,Liner Assembly Front Wheelhouse
0,0,[],200,84086309,Guide Assembly Bumper Fascia Front LH
0,0,[],200,84112235,Sensor Assembly Short Range Radar Rear
0,0,[],200,84131445,Strut Assembly Lift Gate LH
0,0,[],200,84131446,Strut Assembly Lift Gate RH
0,0,[],200,84137515,Bracket Assembly Bumper Fascia Side Rear LH
0,0,[],200,84154795,Mount Transmission Rear
0,0,[],200,84208511,Cooler Assembly Transmission Fluid Auxiliary
0,0,[],200,84360483,Housing Assembly Fuel Tank Filler Pipe Rear LH
0,0,[],200,84360848,Motor Assembly Blower
0,0,[],200,84400227,Valve Kit Air Conditioning Evaporator Thermal Expansion
0,0,[],200,84427195,Strut Assembly Suspension Front LH
0,0,[],200,84427196,Strut Assembly Suspension Front RH
0,0,[],200,84441491,Compressor Kit Air Conditioning
0,0,[],200,84513232,Cooler Assembly Charge Air
0,0,[],200,84545435,Switch Turn Signal Lamp
0,0,[],200,84555537,Receiver & Dehydrator Kit Air Conditioning
0,0,[],200,84557847,Link Assembly Suspension Lateral Upper Rear RH
0,0,[],200,84557849,Link Assembly Suspension Lateral Upper Rear LH
0,0,[],200,84564089,Mirror Assembly Inside View Rear
0,0,[],200,84578275,Blade Assembly Windshield Wiper
0,0,[],200,84580183,Headlamp Assembly Front RH
0,0,[],200,84666664,Compressor Kit Air Conditioning
0,0,[],200,84721022,Door Assembly Side Front LH
0,0,[],200,84782527,Condenser Assembly Air Conditioning
0,0,[],200,84791974,Headlamp Assembly Front LH
0,0,[],200,84791976,Headlamp Assembly Front LH
0,0,[],200,84806899,Expansion Valve
0,0,[],200,84823263,Strut Transmission Mount Lower
0,0,[],200,84850280,Mount Assembly Engine LH
0,0,[],200,84850281,Mount Assembly Engine RH
0,0,[],200,84884384,Mount Engine
0,0,[],200,84919465,Hose Heater Inlet
0,0,[],200,84919467,Hose Heater Outlet
0,0,[],200,85107771,Bracket Assembly Transmission Mount Strut
0,0,[],200,85145960,Condenser Assembly Air Conditioning
0,0,[],200,85355-60211,Jar Assembly Windshield Washer
0,0,[],200,86785192,Caliper Assembly Brake without Brake Pads and Bracket Rear RH
0,0,[],200,86785193,Caliper Assembly Brake without Brake Pads and Bracket Rear LH
0,0,[],200,86811094,Compressor Kit - Air Conditioner
0,0,[],200,86885-3TA8A,Belt Assembly - Tongue Pretensioner Front LH
0,0,[],200,87103-50101,Motor Sub-Assembly Blower With Fan
0,0,[],200,87821885,Arm Assembly Control Lower Front LH
0,0,[],200,87821886,Arm Assembly Control Lower Front RH
0,0,[],200,87915-0D918,Cover Outer Mirror RH
0,0,[],200,87961-42E60,Mirror Outer LH
0,0,[],200,88320-48090,Compressor Assembly Cooler
0,0,[],200,88501-F4080,Evaporator Sub - Assembly Cooler No.1
0,0,[],200,88704-0E021,Hose Cooler Refrigerant Suction NO.1
0,0,[],200,88862385,Wire Kit Spark Plug
0,0,[],200,88866023,Lubricant Axle High Efficiency Gear Rear
0,0,[],200,88866291,Vehicle Battery
0,0,[],200,88900401,Lubricant Synthetic Axle 32oz
0,0,[],200,89017472,Piston (with Pinion Standard)
0,0,[],200,89021678,Synthetic Axle Lubricant 946ml
0,0,[],200,89493-60010,Gasket Engine Oil Level Sensor
0,0,[],200,8E5Z-9E936-A,Gasket - Fuel Injection Throttle Body Mounting
0,0,[],200,8L8Z-2140-A,Kit - Master Cylinder Repair
0,0,[],200,8L8Z-7827001-A,Regulator And Motor Assembly - Window LH
0,0,[],200,8L8Z-8C607-B,Motor & Fan Assembly - Engine Cooling
0,0,[],200,8T4Z-19835-B,Pressure Hose
0,0,[],200,8T4Z-78264A27-A,Lock Actuator LH
0,0,[],200,8W7Z-18125-D,Shock Absorber Assembly
0,0,[],200,8Z0951253,Relay Windscreen Washer System
0,0,[],200,90080-94031,Valve For Tubeless Tire
0,0,[],200,92476-5DB2A,Seal - O Ring
0,0,[],200,94530159,Pin Hood Open Assistant Rod
0,0,[],200,9595174,Nut Wheel
0,0,[],200,9597973,Wheel Trim Cap
0,0,[],200,96400-ZW82A,Sun Visor Assembly RH
0,0,[],200,97139-D2000,Evaporator Core Assembly
0,0,[],200,97250-3U210,Control Assembly - Heater
0,0,[],200,97701-2V001,Compressor Assembly
0,0,[],200,986236,Transmission Oil Pan Bolt
0,0,[],200,99965701490,Relay Coolant Pump
0,0,[],200,9A783911600,Door Lock RH
0,0,[],200,9E5Z-11002-A,Starter Motor Assembly
0,0,[],200,9E5Z-13405-A,Tail Lamp Assembly Rear LH
0,0,[],200,9E5Z-6068-B,Housing
0,0,[],200,9E5Z-6675-B,Pan Assembly - Engine Oil
0,0,[],200,9L3Z-15219A65-CA,Latch LH
0,0,[],200,9L3Z-1522601-CB,Handle Assembly - Door Inside LH
0,0,[],200,9L3Z-9943300-A,Handle - Luggage Compartment
0,0,[],200,9L8Z-19703-A,Compressor Assembly
0,0,[],200,9L8Z-6582-D,Cover - Cylinder Head LH
0,0,[],200,9L8Z-6582-E,Cover - Cylinder Head RH
0,0,[],200,9L8Z-6584-A,Gasket - Valve Rocker Arm Cover RH
0,0,[],200,9L8Z-6G004-F,Sensor Assembly - Engine Cylinder Head Temperature
0,0,[],200,9L8Z-8620-C,Serpentine Belt
0,0,[],200,9T4Z-19B555-G,Evaporator & Housing Assembly
0,0,[],200,A000420650464,Disc Brake Pad Rear
0,0,[],200,A0004219601,Ts Brake Shoe With Lining Rear
0,0,[],200,A000440117380,Control Module
0,0,[],200,A0005425212,Front Oxygen Sensor
0,0,[],200,A0008171901,Grille Emblem Front
0,0,[],200,A0008880060,Grille Emblem Bracket Front
0,0,[],200,A000900241480,Fuel Pump Driver Module Front
0,0,[],200,A000906110283,Alternator
0,0,[],200,A0009826925,Starter Battery Front
0,0,[],200,A0009904462,Under Cover Nut
0,0,[],200,A0009914140,Front Fender Liner Rivet
0,0,[],200,A0024309930,Brake Booster
0,0,[],200,A005430803028,Power Brake Booster
0,0,[],200,A005466220180,Power Steering Pump
0,0,[],200,A006151590183,Starter Motor
0,0,[],200,A0079908404,Drive Shaft Bolt
0,0,[],200,A009901807,Wheel Lug Bolt
0,0,[],200,A0199977645,Engine Oil Dipstick Tube Seal
0,0,[],200,A0209974445,Engine Coolant Thermostat Gasket
0,0,[],200,A023997454564,Turbocharger Oil Line Gasket
0,0,[],200,A09981149009799,Door Mirror Cover Front LH
0,0,[],200,A09990507009107,Steering Wheel Transmission Shift Control Switch RH
0,0,[],200,A0999064302,Puddle Lamp Front LH
0,0,[],200,A1178850921,Molding Trim Center LH
0,0,[],200,A1178851021,Molding Trim Center RH
0,0,[],200,A1184603100,Gear Assembly
0,0,[],200,A1188854102,Under Cover
0,0,[],200,A1560500611,Engine Timing Chain Tensioner
0,0,[],200,A1648202342,Motor
0,0,[],200,A164880020664,Front Fender RH
0,0,[],200,A1649061000,Tail Lamp Assembly RH
0,0,[],200,A1664300201,Master Cylinder
0,0,[],200,A1664301030,Booster Assembly
0,0,[],200,A1664310800,Modulator Valve
0,0,[],200,A166440033765,Shock Harness RH
0,0,[],200,A1679066607,Lamp Combination Rear
0,0,[],200,A171320014464,Dust Shield
0,0,[],200,A1717500075,Lid Rear
0,0,[],200,A1728600147,Nozzle LH
0,0,[],200,A1728600247,Nozzle RH
0,0,[],200,A17288000059149,Cover - Parts Kit Headlamp Cleaning System LH
0,0,[],200,A17288003059149,Cover - Parts Kit Headlamp Cleaning System RH
0,0,[],200,A1728850274,Trim Molding LH
0,0,[],200,A17288512259999,Bumper Cover
0,0,[],200,A1728851723,Outer Grille RH
0,0,[],200,A1767400800,Rear Window
0,0,[],200,A1768807600,Radiator Shell
0,0,[],200,A17688800859999,Trim Bar
0,0,[],200,A1770902382,Inlet Duct LH
0,0,[],200,A1770902482,Inlet Duct RH
0,0,[],200,A1773300403,Side Shaft LH
0,0,[],200,A177330690264,Repair Kit - Boot
0,0,[],200,A1773521700,Control Arm Lower
0,0,[],200,A1775408224,Engine Harness
0,0,[],200,A1902403300,Engine Mount
0,0,[],200,A204410700180,Drive Shaft Front
0,0,[],200,A20472026639D88,Door Trim Panel
0,0,[],200,A204750007564,Trunk Lid Rear
0,0,[],200,A2048690320,Reservoir Assembly
0,0,[],200,A20488027839982,Radiator Shell Iridium Silver Matt
0,0,[],200,A2052405600,Transmission Mount
0,0,[],200,A211240261764,Mount Front LH
0,0,[],200,A2114700275,Fuel Hose
0,0,[],200,A211470142464,Fuel Line
0,0,[],200,A2114702764,O Ring
0,0,[],200,A2126800309,Under Cover LH
0,0,[],200,A2126800409,Under Cover RH
0,0,[],200,A212820194590,Wiper Blade Rear
0,0,[],200,A2133503105,Knuckle Assembly LH
0,0,[],200,A21340123007X21,Wheel - AMG Multi-Spoke 20 Inch
0,0,[],200,A2176181000,Retainer
0,0,[],200,A2176705100,Front Windshield
0,0,[],200,A218820025664,Daytime Run Lamp RH
0,0,[],200,A21988010839776,Grille
0,0,[],200,A220500240364,Radiator
0,0,[],200,A2215420020,Low Note Horn
0,0,[],200,A2215420120,High Note Horn
0,0,[],200,A2216901730,Fender Liner Front RH
0,0,[],200,A2218200401,Courtesy Lamp
0,0,[],200,A2218201856,Lamp RH
0,0,[],200,A2218301696,Engine Coolant Hose
0,0,[],200,A222520060064,Front Shield
0,0,[],200,A2226209901,Upper Tie Bar
0,0,[],200,A2226300102,Inner Quarter Panel LH
0,0,[],200,A2226902305,Fender Liner LH
0,0,[],200,A2228106700,Mirror Base - LH
0,0,[],200,A2228201342,Door Mirror Drive Motor Outer Front
0,0,[],200,A2228203714,Camera Bracket LH
0,0,[],200,A2228209104,Ts Electrical Wiring Harness
0,0,[],200,A22288025009040,Radiator Grille
0,0,[],200,A2385019200,Upper Hose LH
0,0,[],200,A246330370164,Parts Kit - Boot
0,0,[],200,A2469009818,Control Unit Complete
0,0,[],200,A247323002064,Suspension Strut Mount Front Upper
0,0,[],200,A2473320100,Knuckle Assembly LH
0,0,[],200,A2473502300,Knuckle LH
0,0,[],200,A2474210120,Backing Plate LH
0,0,[],200,A2475200900,Splash Shield
0,0,[],200,A2475400500,Anti Braking System Wheel Speed Sensor Wiring Harness Front LH
0,0,[],200,A2536700201,Windshield
0,0,[],200,A271070010080,High Pressure Pump
0,0,[],200,A271153032864,Pressure Sensor
0,0,[],200,A2720101067,Engine Cover Front
0,0,[],200,A2720300103,Vibration Absorber
0,0,[],200,A273010107264,Dipstick
0,0,[],200,A2740180321,Vent Line
0,0,[],200,A274090560080,Intake Duct
0,0,[],200,A2742000300,Engine Coolant Hose
0,0,[],200,A274200270080,Auxiliary Pump
0,0,[],200,A2760104510,Guide Tube
0,0,[],200,A2761800000,Oil Pump
0,0,[],200,A276230036564,Vacuum Pump
0,0,[],200,A2762340639,Idler Pulley Bracket Lower LH
0,0,[],200,A2780902200,Oil Return Tube RH
0,0,[],200,A2781800415,Control Valve
0,0,[],200,A2782001300,Cooler Line LH
0,0,[],200,A2782001351,Cooler Line Lower RH
0,0,[],200,A3816700039,Shielding Strip - Windshield
0,0,[],200,A4473231565,Stabilizer Bar
0,0,[],200,A4473500245,Companion Flange
0,0,[],200,A44781127009999,Mirror Outer Shell
0,0,[],200,A4478115100,Mirror Electrically Adjustable Outer
0,0,[],200,A44788805857F24,Ornamental Trim
0,0,[],200,A44788808007F24,Trim Bar - Upper LH
0,0,[],200,A44788809007F24,Trim Bar - Upper RH
0,0,[],200,A44788810007F24,Trim Bar - Lower LH
0,0,[],200,A44788811007F24,Trim Bar - Lower RH
0,0,[],200,A44788812009775,Frame Radiator Grille Silver Iridium
0,0,[],200,A44788817009051,Protective Grille - Radiator Grille
0,0,[],200,A4613200044,Repair Kit
0,0,[],200,A4638200021,Turn Signal Lamp
0,0,[],200,AG1Z 17683-F,Mirror Assembly - Rear View Outer Front LH
0,0,[],200,AG1Z-17682-E,Mirror Assembly - View Outer RH
0,0,[],200,AG1Z-17D742-CA,Mirror Cover Front RH
0,0,[],200,AG1Z-17D995-A,Bracket - Bumper Mounting RH
0,0,[],200,AG1Z-17D995-B,Bracket - Bumper Mounting LH
0,0,[],200,AG1Z-54406A10-B,Lift Assembly - Gas Rear
0,0,[],200,AL2Z-8575-B,Thermostat Assembly
0,0,[],200,AL3Z-1820125-C,Door Assembly - Front LH
0,0,[],200,AL3Z7G276D,Connector
0,0,[],200,AL8Z-8678-AA,Pulley Lower Rear
0,0,[],200,AT4Z-8A080-CA,Tank Assembly - Radiator Overflow
0,0,[],200,AT4Z-8C633-A,Reservoir Hose
0,0,[],200,AT4Z-9E926-B,Throttle Body and Motor Assembly
0,0,[],200,AYFS-092-FE1X,Spark Plug
0,0,[],200,BA1Z-14C022-B,Bracket
0,0,[],200,BA8Z-8C607-G,Motor and Fan Assembly - Engine Cooling
0,0,[],200,BB5Z-1S177-C,Seal - Automatic Transmission Output Shaft RH
0,0,[],200,BB5Z-3A331-A,CV Joint Boot Kit Front
0,0,[],200,BB5Z-3B436-AA,Shaft - Axle Front RH
0,0,[],200,BB5Z-7823208-A,Regulator - Window - Less Motor RH
0,0,[],200,BB5Z-7823552-A,Check Assembly - Door
0,0,[],200,BC3Z-8A616-D,Clutch Assembly - Fan
0,0,[],200,BE8Z-6571-A,Seal - Valve Stem
0,0,[],200,BE8Z-6571-C,Seal - Valve Stem
0,0,[],200,BL3Z-8C350-A,Hose Assembly
0,0,[],200,BL3Z-9N496-A,Catalytic Converter Adapter
0,0,[],200,BT4Z-13405-BCP,Lamp Assembly Rear LH
0,0,[],200,BT4Z-14529-AA,Window Switch LH
0,0,[],200,BT4Z-8075-A,Hose - Supply Tank to Radiator
0,0,[],200,BV6Z-3511-B,Housing
0,0,[],200,BXT-96R-590,Vehicle Battery
0,0,[],200,CG1Z-19805-D,Fan and Motor Assembly
0,0,[],200,CJ5Z-17E810-AACP,Grille - Bumper RH
0,0,[],200,CJ5Z-17E811-AACP,Grille - Bumper LH
0,0,[],200,CJ5Z-17K945-AACP,Grille - Bumper
0,0,[],200,CL1Z-8005-A,Radiator Assembly
0,0,[],200,CR3Z-19972-C,Tube Assembly
0,0,[],200,CT4Z-19972-C,Tube Assembly Upper
0,0,[],200,CT4Z-19972-E,Tube Assembly
0,0,[],200,CV6Z-2C405-E,Unit Assembly - Control
0,0,[],200,CV6Z-5560-G,Spring - Rear
0,0,[],200,DB5H-61-501,Tank Liquid
0,0,[],200,DB5Z-3K305-B,Bracket Front RH
0,0,[],200,DB5Z-6038-C,Engine Support Bracket Front
0,0,[],200,DG1Z-16612-A,Hood Assembly Front
0,0,[],200,DG1Z-17K835-GAPTM,Bumper Cover Rear
0,0,[],200,DG9Z-19C836-A,Accumulator Assembly - Air Conditioning
0,0,[],200,DG9Z-3K661-A,Rack & Pinion Bellows
0,0,[],200,DL3Z-19B596-B,Air Conditioning Refrigerant Line Seal Kit
0,0,[],200,DP5Z-6038-B,Engine Mount Bracket Front
0,0,[],200,DR3Z-19849-A,Valve Assembly - Evaporator Expansion
0,0,[],200,DR3Z-19850-C,Evaporator Assembly
0,0,[],200,E6110-5KA0C,Shock Absorber Kit - Front
0,0,[],200,EJ7Z-6505-A,Valve - Exhaust
0,0,[],200,EL1Z-9F836-B,Pedal Travel Sensor
0,0,[],200,EU2Z-3V504-NRM,Gear Assembly Steering
0,0,[],200,F2GZ-5484-B,Bush
0,0,[],200,F2GZ-6600-A,Pump Assembly - Oil
0,0,[],200,F2GZ-7E395-Q,Cable Assembly - Selector Lever Control
0,0,[],200,F4181-1KAMA,Reinforcement - Hoodledge LH
0,0,[],200,F5TZ-3A331-A,Boot Kit
0,0,[],200,F77Z-7A248-AA,Seal Assembly - Oil
0,0,[],200,FB5Z-13404-AACP,Lamp Assembly Rear RH
0,0,[],200,FB5Z-2780-A,Lever Assembly - Parking Brake
0,0,[],200,FD8Z-7G186-A,Transmission Oil Filter
0,0,[],200,FL1Z-17682-FAPTM,Mirror Assembly - Outside View Rear RH
0,0,[],200,FL3Z-1522405-EHPTM,Handle Assembly Door Outside LH
0,0,[],200,FL3Z-1627204-A,Check Assembly - Door Rear
0,0,[],200,FL3Z-17683-CC,Mirror Assembly - Rear View Outer LH
0,0,[],200,FL3Z-17757-ACP,Bumper Assembly - Front
0,0,[],200,FL3Z-7A100-E,Transmission Control Assembly
0,0,[],200,FR3Z-5500-C,Arm Assembly - Suspension Rear RH
0,0,[],200,FU2Z-10V346-BGRM,Alternator Assembly
0,0,[],200,FV4Z-14A411-A,Evaporator And Housing
0,0,[],200,G3GZ-3078-E,Arm Assembly - Front Suspension
0,0,[],200,G3GZ-3079-E,Arm Assembly - Front Suspension
0,0,[],200,GN1Z-5586-A,Pad Upper Rear
0,0,[],200,GN1Z-7213-EA,License Lamp
0,0,[],200,GN1Z-8472-A,Spacer
0,0,[],200,GT4Z-17618-H,Reservoir - Water
0,0,[],200,GU2Z-18A092-R,Strut - Loaded Assembly
0,0,[],200,HL3Z-5E212-A,Catalytic Converter Assembly RH
0,0,[],200,HL3Z-5E212-B,Catalytic Converter Assembly LH
0,0,[],200,HL3Z-8575-B,Thermostat Assembly
0,0,[],200,HL3Z-8A586-C,Connection - Water Outlet
0,0,[],200,HL3Z-8K576-A,Hose
0,0,[],200,HV6Z-3504-FF,Gear Assembly - Steering
0,0,[],200,JL3Z-1104-P,Hub Assembly - Wheel Front
0,0,[],200,JL3Z-13008-AH,Lamp Assembly LH
0,0,[],200,JR3Z-18125-K,Shock Absorber Assembly Rear
0,0,[],200,JR3Z-8200-AD,Grille - Radiator
0,0,[],200,K2GZ-6268-A,Timing Chain
0,0,[],200,KD51-66-CS0A,Spring Clock
0,0,[],200,KL3Z-13404-B,Lamp Assembly - Rear Stop and Flas RH
0,0,[],200,L1MZ-1125-B,Rotor Assembly - Brake Front
0,0,[],200,L1MZ-19712-A,Condenser Assembly
0,0,[],200,L1MZ-2200-F,Kit - Brake Lining Rear
0,0,[],200,L1MZ-2C026-A,Rotor Assembly - Brake Rear
0,0,[],200,L1MZ-8005-K,Radiator Assembly
0,0,[],200,L1MZ-8620-D,V - Belt
0,0,[],200,LB5Z-13404-F,Lamp Seembly - Rear Stop and FLAS
0,0,[],200,LB5Z-16005-A,Fender Assembly Front RH
0,0,[],200,LB5Z-16612-A,Hood Assembly Front
0,0,[],200,LB5Z-17682-ZD,Mirror Assembly Rear View Outer RH
0,0,[],200,LB5Z-17810-AB,Extension - Bumper Bar - Side
0,0,[],200,LB5Z-17D957-SCPTM,Bumper Assembly - Front
0,0,[],200,LB5Z-18124-A,Shock Absorber Assembly Front LH
0,0,[],200,LB5Z-18125-A,Shock Absorber Assembly Rear LH
0,0,[],200,LB5Z-7803100-D,Glass - Windscreen Front
0,0,[],200,LB5Z-7840010-A,Gate Assembly - Lift Rear
0,0,[],200,LB5Z-8501-A,Pump Assembly - Water
0,0,[],200,LK4Z-5403100-G,Glass - Windshield Front
0,0,[],200,LL8Z-3A130-A,End - Spindle Rod Connecting
0,0,[],200,LR002460,Plug - Oil Drain
0,0,[],200,LR002461,Seal
0,0,[],200,LR161656,Heat Shield
0,0,[],200,MB5Z-13008-AT,Lamp Assembly Front
0,0,[],200,ML3Z-13008-J,Headlamp Assembly Front RH
0,0,[],200,ML3Z-13008-K,Headlamp Assembly LH
0,0,[],200,ML3Z-8678-A,Kit - Tension Assembly
0,0,[],200,MR978765,Mirror Assembly Door LH
0,0,[],200,MR978766,Mirror Assembly Door RH
0,0,[],200,NB5Z-78278A92-A,Panel - Quarter Outer
0,0,[],200,TD11-32-688,Hose Suction
0,0,[],200,TD86-39-040C,Rubber Engine Mounting
0,0,[],200,W500131-S437,Bolt - Hexagonal Head Lower
0,0,[],200,W503275-S437,Bolt - Hexagonal Head - Flanged
0,0,[],200,W503317-S439,Mount Bracket Bolt RH
0,0,[],200,W705606-S440,Nut
0,0,[],200,YL2Z-6L266-AA,Tensioner - Timing Chain Upper
0,0,[],200,87910-BZC50,Mirror Assembly Outer Rear View RH
0,0,[],200,DB5Z-5842528-A,Name Plate Sterling Grey Mounted on Hood
0,0,[],200,10397591,Panel Assembly Instrument Panel Side Trim Light Grey RH
0,0,[],200,11562183,Nut Spare Wheel Stowage
0,0,[],200,12600020,Gasket Water Pump Cover
0,0,[],200,12652763,Serpentine Belt
0,0,[],200,12659515,Tube Assembly Positive Crankcase Ventilation LH
0,0,[],200,12670788,Ring Kit Piston
0,0,[],200,12678130,Belt Accessory Door Auxiliary
0,0,[],200,12679721,Valve Assembly Valve Rocker Arm Oil Control
0,0,[],200,12681076,Tube Assembly Positive Crankcase Ventilation
0,0,[],200,12692139,Valve Assembly Charge Air Bypass RH
0,0,[],200,13162312,Clamp Radiator Inlet Hose Black Outer
0,0,[],200,13544255,Module Kit Fuel Tank Fuel Pump (without Fuel Level Sensor)
0,0,[],200,15250411,Hose Assembly Air Conditioning Compressor & Condenser
0,0,[],200,15797627,Bezel Instrument Panel Air Outlet LH
0,0,[],200,15817020,Shoe Kit Parking Brake Rear
0,0,[],200,15817519,Housing Object Sensor Primed Outer Rear RH
0,0,[],200,15817520,Housing Object Sensor Primed Inner Rear RH
0,0,[],200,15871702,Valve Kit Air Conditioning Evaporator Thermal Expansion
0,0,[],200,15882261,Tank Assembly Radiator Surge
0,0,[],200,15900392,Cover Seat Back Cushion Latch Ebony Rear
0,0,[],200,15901223,Cover Seat Back Cushion Latch Ebony Rear
0,0,[],200,19132943,Seal Transfer Case Input Shaft (O Ring)
0,0,[],200,19210509,Pump Kit Water
0,0,[],200,19259452,Sensor Kit Throttle Position
0,0,[],200,19300335,Gasket Kit Automatic Transmission Service
0,0,[],200,19333112,Battery Remote Control Door Lock Transmitter
0,0,[],200,19366775,Hose Assembly Brake Front RH
0,0,[],200,19382527,Pump Kit Water
0,0,[],200,19419599,Converter Assembly 3 Way Catalytic Kit (with Exhaust Manifold Pipe)
0,0,[],200,19419918,Compressor Kit Air Conditioning
0,0,[],200,19420255,Converter Assembly 3 Way Catalytic (with Exhaust Tail Pipe) Rear
0,0,[],200,19420992,Absorber Assembly Shock Front
0,0,[],200,20818742,Condenser Assembly Air Conditioning
0,0,[],200,20911192,Pipe Assembly Exhaust Flexible Front
0,0,[],200,20983829,Insert Bumper Fascia Anthracite Rear
0,0,[],200,21606-EA51A,Oil Cooler Assembly
0,0,[],200,22738433,Cam Fuel Sender RH
0,0,[],200,22743795,Shaft Assembly Wheel Drive Front LH
0,0,[],200,22743796,Shaft Assembly Wheel Drive Front RH
0,0,[],200,22752065,Hose Assembly Air Conditioning Compressor
0,0,[],200,22800919,Exhaust Muffler Assembly (with Exhaust Pipe & Tail Pipe)
0,0,[],200,22927215,Arm Assembly Control Upper Front LH
0,0,[],200,23236713,Cap Windshield Washer Solvent Container
0,0,[],200,23242941,Seat Assembly Ebony Front
0,0,[],200,23274199,Door Assembly Side Rear LH
0,0,[],200,23457452,Sensor Assembly Air Conditioning Evaporator Air Temperature Front
0,0,[],200,24262090,Seal Torque Converter & Differential Housing
0,0,[],200,24294355,Filter Kit Automatic Transmission Fluid (with Seal)
0,0,[],200,25202078,Balancer Assembly Crankshaft
0,0,[],200,25668020,Hose Radiator Outlet Lower
0,0,[],200,25670415,Blade Assembly Windshield Wiper LH
0,0,[],200,25906375,Filter Pass Compartment Air
0,0,[],200,25952801,Hose Heater Outlet
0,0,[],200,25979363,Switch Kit Windshield Washer Solvent Level
0,0,[],200,284B2-BR02C,Controller Assembly - Body Control Module
0,0,[],200,2L1Z-3N134-AA,Pinion Seal Front
0,0,[],200,37183469,Compressor Kit Air Conditioning
0,0,[],200,4449638,Strut - Damper Suspension Position Front
0,0,[],200,55488926,Serpentine Belt
0,0,[],200,5R3Z-1130-B,Cover - Wheel Center
0,0,[],200,6E5Z-5402228-AD,Grille - Cowl Top Center
0,0,[],200,8395A065,Socket Tail Lamp
0,0,[],200,84340800,Evaporator Assembly Air Conditioning Front
0,0,[],200,84352104,Windshield Assembly
0,0,[],200,84406087,Duct Assembly Air Cleaner Outlet Rear RH
0,0,[],200,84445411,Evaporator Kit Air Conditioning Rear
0,0,[],200,84501029,Strut Assembly Transmission Mount Lower
0,0,[],200,84527171,Lamp Stop Rear RH
0,0,[],200,84527172,Lamp Stop Rear LH
0,0,[],200,84599989,Belt Kit Seat Dune Outer Front
0,0,[],200,84693643,Sensor Assembly Disc Brake Pad Wear Front
0,0,[],200,84751078,Evaporator Assembly Air Conditioning Front
0,0,[],200,84978174,Antenna Assembly High Frequency
0,0,[],200,85102864,Window Assembly - Body Side Rear RH
0,0,[],200,85160873,Canister Assembly Evaporator Emission
0,0,[],200,85170840,Sender Kit Fuel LH
0,0,[],200,85618754,Lamp Assembly Body Structure Stop Rear RH
0,0,[],200,86773447,Signal Lamp Rear RH
0,0,[],200,87866676,Signal Lamp Rear RH
0,0,[],200,89017572,Bearing Kit Crankshaft Thrust
0,0,[],200,89017573,Bearing Kit Connecting Rod
0,0,[],200,8E5Z-17603-A,Washer Nozzle Front
0,0,[],200,8R3Z-7563-A,Plate Assembly - Clutch Pressure
0,0,[],200,8V2Z-8B081-B,Overflow Hose
0,0,[],200,92058857,Generator Engine Electrical
0,0,[],200,92282553,Lens Bumper Reflector Rear LH
0,0,[],200,95026523,Hose Assembly Windshield Washer Nozzle
0,0,[],200,96831000,Lamp Assembly High Mount Stop
0,0,[],200,AL3Z-12286-A,Wire Assembly - Ignition
0,0,[],200,AR3Z-18124-D,Shock Absorber Assembly
0,0,[],200,BK3Z-4A332-C,Seal Outer
0,0,[],200,BL3Z-8A586-G,Thermostat Housing
0,0,[],200,BR3Z-3K661-A,Boot Kit
0,0,[],200,BT4Z-6019-B,Engine Timing Cover Front
0,0,[],200,CB5Z-14300-B,Positive Cable
0,0,[],200,CG1Z-19850-D,Air Conditioning & Heater Assembly
0,0,[],200,CK4Z-1109-E,Hub Assembly - Wheel Rear
0,0,[],200,CT4Z-2C405-A,Unit Assembly - Control
0,0,[],200,DA8Z-2C190-B,Anti-Lock Braking System Sensor Rear
0,0,[],200,DB5Z-14300-B,Battery Cable Harness
0,0,[],200,DG1Z-15A449-B,Reflector Assembly Rear RH
0,0,[],200,DG1Z-17F828-AA,Bumper - Extension Lower Rear
0,0,[],200,DG9Z-8063-D,Hose - Water
0,0,[],200,DG9Z-8075-C,Hose - Supply Tank to Radiator
0,0,[],200,DJ5Z-13N021-A,High Beam Bulb
0,0,[],200,FL3Z-4635-B,Kit - Universal Joint Repair
0,0,[],200,FL3Z-7B215-C,Output Shaft Seal Front
0,0,[],200,HA1Z-17528-AA,Blade Assembly - Wiper Rear
0,0,[],200,48530-0DF50,Absorber Assembly Shock Rear
0,0,[],200,51317184565,Cover Windshield Top
0,0,[],200,51317333843,Green Windshield
0,0,[],200,75890-6CA0A,Cover - Under Engine
0,0,[],200,8-98017-421-0,Lock Front Door RH
0,0,[],200,1076731 -00-B,Wiper Blades Set
0,0,[],200,D14A-66-CS0A,Spring Clock
0,0,[],200,2614604,Front Brake Pad
0,0,[],200,01121-N6051,Bolt
0,0,[],200,1C3Z-7600-AB,Sleeve Pilot Bearing
0,0,[],200,JR3Z-7A508-A,Cylinder Assembly-Clutch Slave
0,0,[],200,JR3Z-7B546-A,Clutch Set-Disc and Plate Assembly
0,0,[],200,24269037,Baffle Transmission Fluid Pump
0,0,[],200,24298740,Baffle Front Differential Carrier
0,0,[],200,24298741,Baffle Front Differential Carrier
0,0,[],200,9816605680,Windscreen
0,0,[],200,26060-6RF0A,Headlamp Assembly-LH
0,0,[],200,94151-21241,Nut Flange
0,0,[],200,82620-07080,Block Assembly Fusible Link
0,0,[],200,10108855,Sensor Assembly Water Temperature
0,0,[],200,3QF407182A,Rubber Bonded Bush
0,0,[],200,84000613,Lamp Assembly Front Fog LH
0,0,[],200,84082131,Liner Front Wheelhouse LH
0,0,[],200,85044-60110-A0,Nozzle Sub-Assembly Type 1 Headlamp Washer RH
0,0,[],200,28226-54320,Starter Kit Repair Service
0,0,[],200,43421-60022,Flange Front Axle Outer Shaft
0,0,[],200,46410-60360,Cable Assembly Parking Brake No.1
0,0,[],200,53450-69065,Support Assembly Hood LH
0,0,[],200,7AA46RXFAA,Cowl Side Trim Panel RH
0,0,[],200,7AA47RXFAA,Cowl Side Trim Panel RH
0,0,[],200,85157018,Sensor Assembly Forward Range Radar
0,0,[],200,FL3Z-7Z490-E,Plate and Gasket Assembly
0,0,[],200,95810666700,Retainer Radiator
0,0,[],200,80721-1MA0B,Regulator Assembly-Door Window LH
0,0,[],200,80751-1ML0E,Motor Assembly-Regulator LH
0,0,[],200,68144008AA,Pump-Wahser Headlamp RH
0,0,[],200,68225074AA,Grommet-Headlamp Washer Pump
0,0,[],200,12261-66030,Hose Ventilation
0,0,[],200,C2P3211,Dust Cover Front Shock
0,0,[],200,48331-33100,Bumper Front Spring
0,0,[],200,48559-33020,Cover Shock Absorber Dust Front RH No.1
0,0,[],200,90311-40021,Seal Oil (For Transfer Case)
0,0,[],200,90948-02141,Retainer Cushion No.1
0,0,[],200,13500-1LU0A,Cover Assembly-Front Timing Chain
0,0,[],200,26294-8992A,Bulb
0,0,[],200,31020-X424A,Automatic Transmission Transaxle
0,0,[],200,82500-6FR0A,Controller-Lock & Remote Rear Door RH
0,0,[],200,87351-6CC3A,Frame Assembly-Cushion Front Seat LH
0,0,[],200,LC3Z-7153-A,Kit-Gasket Automatic Transmission
0,0,[],200,21710-3ST0A,Tank Assembly-Radiator Reservoir
0,0,[],200,MK298588,Stay Rear View Mirror LH
0,0,[],200,51420-50010,Cover Engine Under No.2
0,0,[],200,51441-50090,Cover Engine Under RH
0,0,[],200,561853651J NLB,Radiator Grille
0,0,[],200,90460-T0001,Clamp (For Steering Rack Boot No.1)
0,0,[],200,90466-T0004,Clamp (For Steering Rack Boot)
0,0,[],200,LR137889,Sensor-Parking Aid System
0,0,[],200,G2700-6JF1A,Glass Windshield
0,0,[],200,33404-36020,Sleeve-Sub Assembly Speedometer Shaft
0,0,[],200,46601-36051,Lever Sub-Assembly Parking Brake Shoe
0,0,[],200,46612-36050,Strut Parking Brake Shoe Lever
0,0,[],200,47456-20030,Plate Shoe Guide(For Parking Brake)
0,0,[],200,51931-33230,Carrier Spare Wheel No.1
0,0,[],200,90213-06003,Washer Type C (For Parking Brake Shoe)
0,0,[],200,90504-10010,Spring Compression (For Parking Brake Shoe)
0,0,[],200,68065575AD,Fuel Pump/Level Unit
0,0,[],200,72700-5JN0A,Glass-Windshield
0,0,[],200,A1778852703,Trim Molding
0,0,[],200,LR184662,Belt Secondary Drive
0,0,[],200,28438-4HB2A,Sensor Assembly - Distance
0,0,[],200,33554-48090,Cap Shift Lever
0,0,[],200,11823-JK29D,Hose-Blowby Gas
0,0,[],200,11826-JK29D,Hose-Blowby Gas
0,0,[],200,12305-75100,Insulator Engine Mounting Front
0,0,[],200,14032-JK01A,Gasket-Intake Adapter
0,0,[],200,27220-VB021,Motor & Fan Assembly-Blower
0,0,[],200,24813-VD300,Cover - Combination Meter Front
0,0,[],200,24820-WG00D,Speedometer Assembly
0,0,[],200,28910-6FP0A,Tank Assembly-Windshield Washer
0,0,[],200,45280-3B011,Cover Valve Body
0,0,[],200,31508860349,Front Axle Shaft Seal With Lock Ring
0,0,[],200,1689817180,Font Wiper Blades Set
0,0,[],200,11141-M72R00,Gasket Cylinder Head
0,0,[],200,BHN1-56-8D0B,Switch Open
0,0,[],200,GSH7-50-EK1 BB,Cover(R) Towing Hook-Rear
0,0,[],200,87741-S9000,Garnish Assembly Quarter Side LH
0,0,[],200,208A2-6JF0A,Three Way Catalytic Converter
0,0,[],200,81560-0K700,Lamp Assembly Rear Combination LH
0,0,[],200,68171-60080,Weatherstrip Front Door Glass Inner RH
0,0,[],200,68172-60080,Weatherstrip Door Glass Inner Front LH
0,0,[],200,68173-60060,Weatherstrip Rear Door Glass Inner RH
0,0,[],200,68174-60060,Weatherstrip Door Glass Inner Rear LH
0,0,[],200,GRF-64-730 02,AC Vent Front Door Side RH
0,0,[],200,ML250083,Lamp Rear Combination LH
0,0,[],200,A0A01-EZ33A,Gasket Kit-Engine Repair
0,0,[],200,36A821273D,Vent Grille LH
0,0,[],200,GRF5-64-730 02,AC Vent Front Door Side RH
0,0,[],200,ME230527,Sensor Exhaust High Temperature
0,0,[],200,ME230528,Sensor Exhaust High Temperature
0,0,[],200,ME231100,Muffler Assembly DPF
0,0,[],200,MK667257,Guide Timing Chain Upper
0,0,[],200,QC000677,Chain Kit Valve Timing
0,0,[],200,QC000679,Chain Kit Valve Timing
0,0,[],200,11910-52R10,Rod Engine Rear Torque
0,0,[],200,52015-02090,Bracket Sub-Assembly Front Bumper RH
0,0,[],200,64610-12470,Lock Assembly Luggage Compartment Door
0,0,[],200,75431-02090,Emblem Back Door No.1
0,0,[],200,75442-02200,Plate Luggage Compartment Door Name No.2
0,0,[],200,76811-02710,Garnish Luggage Compartment Door Outside
0,0,[],200,81910-12120,Reflector Assembly Reflex RH
0,0,[],200,81920-12100,Reflector Assembly Reflex LH
0,0,[],200,54650-H6200,Strut Assembly - Front LH
0,0,[],200,84820-0K051,Master Switch Assembly Power Window Regulator
0,0,[],200,13881-64J00,Hose Air Cleaner Outlet
0,0,[],200,45201-M68P20,Arm Assembly Front Suspension RH
0,0,[],200,45202-M68P30,Arm Assembly Front Suspension LH
0,0,[],200,62322-3GF1A,Grille Radiator Upper
0,0,[],200,65601-3GF1A,Male Assembly-Hood Lock
0,0,[],200,KD45-58-334A 02,CAP(R)
0,0,[],200,13515999,Insert Front Side Door Lock Cover
0,0,[],200,98350-G2000,Blade Assembly - Wiper LH
0,0,[],200,98360-H9000,Blade Assembly - Wiper RH
0,0,[],200,80500-EB715,Lock and Remote control Assembly Front RH
0,0,[],200,81130-52770,Unit Assebly Head Lamp RH
0,0,[],200,H0400-EB7MA,Hinge Assembly Front Door Upper RH
0,0,[],200,H0401-EB7MA,Hinge Assembly Front Door Lower RH
0,0,[],200,261528359R,Fog Lamp Cover RH
0,0,[],200,62890-CD000,Emblem-Front
0,0,[],200,A000989440411FULW,ATF Oil 236.15 1L
0,0,[],200,A000989560509,Brake Fluid
0,0,[],200,A1672406200,Transmission Bearing
0,0,[],200,A2048858338,Trim Bumper Rear
0,0,[],200,MR657149,Knob Rear Sear Folding
0,0,[],200,23514883,Regulator Rear Side Window (Without Motor)
0,0,[],200,25414-A4200,Hose Assembly-Radiator Upper
0,0,[],200,25415-A4200,Hose Assembly Radiator Lower
0,0,[],200,A0008268124,Protective Hood
0,0,[],200,A2710901082,Air Intake Hose
0,0,[],200,MR657155,Cover Front Seat Anchor
0,0,[],200,68002393AA,Blade Front Wiper
0,0,[],200,81270-60161,Lamp Assembly License Plate
0,0,[],200,28437-6RU8A,Sensor Assembly-Distance
0,0,[],200,72700-6SA3A,Glass-Windshield
0,0,[],200,84768722,Container Assembly Windshield Washer
0,0,[],200,86310-H9000,Emblem-Rio
0,0,[],200,D7210-1TT0A,Booster Assembly-Brake
0,0,[],200,H010A-6RAMA,Door Assembly-Front LH
0,0,[],200,16576-JK01B,Air Duct
0,0,[],200,36410-60103,Actuator Assembly Transfer Shift
0,0,[],200,42700-23510,Switch Inhibitor
0,0,[],200,85022-6HH1H,Fascia-Rear Bumper
0,0,[],200,24820-6JF1D,Speedometer Assembly - Analog
0,0,[],200,48510-80A84,Absorber Assembly Shock Front RH
0,0,[],200,68080819AD,Camshaft Sensor
0,0,[],200,BC3Z-1015-D,Wheel Assembly 8 x 18 Steel
0,0,[],200,1643706480,Heater Pipe
0,0,[],200,1801A078,Brace Alternator Adjusting
0,0,[],200,1801A079,Bolt Alternator
0,0,[],200,5370C288,Shield Front Wheelhouse Splash LH
0,0,[],200,6407A358,Garnish Front Bumper Side LH
0,0,[],200,DG9Z-7048-A,Seal
0,0,[],200,MD327592,Bolt Alternator
0,0,[],200,Z6E6-18-86Z,Sensor Oxygen
0,0,[],200,5C3Z-1012-AA,Nut Wheel M14 x 1.5
0,0,[],200,5C3Z-1107-BA,Wheel Bolt M14 x 1.5
0,0,[],200,5C3Z-3254-C,Seal Knuckle Front
0,0,[],200,5C3Z-3K050-AA,Snap Ring Front
0,0,[],200,5C3Z-4A322-AA,O-Ring Front Axle
0,0,[],200,BC3Z-3B396-B,Link Assembly Front Axle Hub
0,0,[],200,DC3Z-2200-E,Rear Brake Pad
0,0,[],200,DC3Z-2B582-A,Brake Caliper Bracket
0,0,[],200,DC3Z-2C150-A,Kit Retaining Pin
0,0,[],200,HC3Z-00812-B,Bolt M16
0,0,[],200,HC3Z-1104-C,Wheel Hub Assembly Front
0,0,[],200,HC3Z-2552-F,Brake Caliper Rear RH
0,0,[],200,HC3Z-2553-F,Brake Caliper Rear LH
0,0,[],200,PC3Z-1125-A,Brake Disc Front
0,0,[],200,W709526-S901,Bolt M5
0,0,[],200,11823-3Z000,Hose-Blowby Gas
0,0,[],200,62890-1DA0B,Emblem-Front
0,0,[],200,26550W000P,Lamp Assembly Combination Rear RH
0,0,[],200,MR655240,Cap Front Door Armrest
0,0,[],200,23632314,Regulator Front Side Window (Without Motor) LH
0,0,[],200,24338358,Motor Front Side Door Window Regulator RH
0,0,[],200,84805876,Pad Kit - Rear Disc Brake
0,0,[],200,28100-0C090,Starter Assembly
0,0,[],200,51405-26190,Cover Sub-Assembly Engine Under No.1
0,0,[],200,51406-26240,Cover Sub-Assembly Engine Under No.2
0,0,[],200,51447-26070,Cover Engine Under No.4
0,0,[],200,GBEF-50-985E,Mould(L) Front Sash A
0,0,[],200,52137815,Front Wiper Blade Set
0,0,[],200,19311-RNA-A00,Cover Thermostat
0,0,[],200,A2045012825,Bleed Line
0,0,[],200,53301-60630,Hood Sub-Assembly
0,0,[],200,13592337,Module Kit Fue Tank Fuel Pump
0,0,[],200,A2117200335,Door Lock Actuator Front LH
0,0,[],200,90916-02444,Belt V for Fan and Alternator
0,0,[],200,S16LA-E0070,Belt V for Fan and Alternator
0,0,[],200,81570-26230,Lamp Assembly Center Stop
0,0,[],200,31705-90X00,Valve Assembly-Control
0,0,[],200,96610-G6000,Horn Assembly - Low Pitch
0,0,[],200,98610-G6100,Reservoir & Pump Assembly - Washer
0,0,[],200,52128-02921,Cover Bumper Hole Front LH
0,0,[],200,89970-37020,Sensor Assembly Air Bag No.2
0,0,[],200,44084-U920A,Spring-Anti Shoe Rattle
0,0,[],200,44091-08G10,Spring-Return Rear Brake Shoe
0,0,[],200,44098-01A00,Plug Adjust
0,0,[],200,44201-08G1A,Adjuster Assembly Drum Brake
0,0,[],200,44222-M490A,Ring-Retainer
0,0,[],200,260607366R,Headlight LH
0,0,[],200,12628718,Tube PCV
0,0,[],200,71111-TBA-A50,Garnish Front Bumper Lower
0,0,[],200,D3206-1LB0CNW,Rotor-Disc Brake Front
0,0,[],200,97762-2B500,Hose Discharge
0,0,[],200,14416-5X00A,Stud
0,0,[],200,16295-38010,Hose By-Pass
0,0,[],200,26540-CL00A,Tail Light Inner RH
0,0,[],200,54584-F9000,Lower Arm Bush
0,0,[],200,69350-28151,Lock Assembly Back Door
0,0,[],200,54524-5ZA0A,Link Complete-Front Suspension Upper RH
0,0,[],200,C9G41-EB70J,Inner Boot
0,0,[],200,23209-79186,Fuel injector
0,0,[],200,12607900,Engine Oil Cooler
0,0,[],200,A1178170100,Model Plate
0,0,[],200,A1178880460,Show Grille Assembly
0,0,[],200,A1178880660,Centre Moulding
0,0,[],200,55905-0K340,Knob Heater Control
0,0,[],200,51118065883,Towing Cover
0,0,[],200,1XV07TZZAB,Hitch Bezel
0,0,[],200,42390834,Gear Mounting Front
0,0,[],200,42474508,Rear Reinforcement
0,0,[],200,42615979,Grille Assembly Front Upper
0,0,[],200,53876-42090,Liner Front Fender LH
0,0,[],200,94543715,Gear Mounting Rear
0,0,[],200,95086386,Engine Mount RH
0,0,[],200,95401629,Gear Lever Cable
0,0,[],200,96969573,Radiator Upper Hose
0,0,[],200,FL3Z-7Z490-D,Valve Body Separator Plat
0,0,[],200,803300388R,Rail Front Door Window RH
0,0,[],200,803317143R,Rail Front Door Window LH
0,0,[],200,823305693R,Rail Rear Door Window RH
0,0,[],200,31425533,Show grille
0,0,[],200,23548501,Front Bumper
0,0,[],200,23578521,Molding Front Bumper LH
0,0,[],200,23593479,Fog Lamp LH
0,0,[],200,23720362,Headlamp LH
0,0,[],200,982853675A,Emblem 718
0,0,[],200,13270-6CA0A,Gasket Rocker Cover
0,0,[],200,16361-0M120,Radiator Fan
0,0,[],200,69350-28161,Lock Assembly Rear Door
0,0,[],200,LR143103,Front Windshield
0,0,[],200,A2790941400,Air Filter Element LH
0,0,[],200,A2790941600,Air Filter Element RH
0,0,[],200,848103485R,Strip Trunk Lid
0,0,[],200,908897208R,Emblem
0,0,[],200,94810506511,Tensioner Blade
0,0,[],200,94810506812,Slide Rail
0,0,[],200,94810516613,Slide Rail
0,0,[],200,54445-1ZR0A,Insulator Rack mounting
0,0,[],200,A4637300946,Window Regulator Rear LH
0,0,[],200,16206-38060,Pipe Sub-Assemly Water By-Pass
0,0,[],200,87207-60090,Pipe and Hose Sub-Assembly
0,0,[],200,QC000737,Connecting rod Bearing
0,0,[],200,35666-50020,Balancer Reverse
0,0,[],200,84171590,Glove Box Compartment
0,0,[],200,MK667137,Head Cover Gasket
0,0,[],200,MK667161,Inlet Manifold Gasket
0,0,[],200,QC000367,Rocker Case Gasket
0,0,[],200,23416962,Hose Engine Cool Air
0,0,[],200,28021-73020,Clutch Sub-Assembly Starter Centre Bearing
0,0,[],200,28100-0D051,Starter Assembly
0,0,[],200,28130-75190,Frame Assembly Starter Commutator End
0,0,[],200,55206-50J00,Bolt Pin
0,0,[],200,53731-TA6-A00,Tube Suction
0,0,[],200,31120-S1200,Fuel Pump Assembly
0,0,[],200,35342-2GGA0,Fuel High Pressure Sensor
0,0,[],200,82651-L1030,Handle Assembly - Door Outside
0,0,[],200,82651-L1220,Handle Assembly - Door Outside
0,0,[],200,86300-H7000,KIA Emblem Front
0,0,[],200,86360-H7000,Cover Assembly Radiator Grille Upper
0,0,[],200,SKUGagan,Marketplace test
0,0,[],200,35321-M55R20,Unit Headlamp LH
0,0,[],200,71711-M56R00-799,Bumper Front
0,0,[],200,71740-M56R00-C48,Grille Radiator Upper
0,0,[],200,80831-4JG0A,Weatherstrip-Front Door LH
0,0,[],200,JL1Z-18472-B,Hose-Heater Water Inlet
0,0,[],200,JL1Z-18472-C,Hose-Heater Water Outlet
0,0,[],200,23260477,Windshield Assembly
0,0,[],200,27723-1KA0A,Sensor-Intake
0,0,[],200,F2GZ-18198-B,Bearing Front Suspension Strut
0,0,[],200,F2GZ-3A197-A,Mounting Assembly
0,0,[],200,32703-33G14,Pinion-Speedometer
0,0,[],200,12711681,Sensor Assembly Map
0,0,[],200,848107697R,Molding Trunk Lid Fascia
0,0,[],200,25310-P2520,Radiator Assembly
0,0,[],200,81550-0DA91,Lamp Assembly Rear Combination RH
0,0,[],200,08880-83714,Engine Oil SN5W-30-FS 4L
0,0,[],200,04465-YZZU2,Pad Kit Disc Brake Front
0,0,[],200,8200751779,Reflector LH
0,0,[],200,74610-52030-E0,Grip Assembly Assist
0,0,[],200,08790-4H000A,Air Filter
0,0,[],200,11254-06256K,Bolt
0,0,[],200,18649-35009L,Bulb H8LL 12V 35W *
0,0,[],200,49500-A9300,Shaft Assembly - Drive LH
0,0,[],200,51712-3K110FFF,Disc Front Wheel Brake
0,0,[],200,54810-H6100,Bar Assembly - Stabilizer Front
0,0,[],200,86820-4H700,Guard Assembly - Wheel Front RH
0,0,[],200,86821-2S000,Guard Assembly - Wheel Rear LH
0,0,[],200,86822-2S000,Guard Assembly - Wheel Rear RH
0,0,[],200,87111-27510,Glass - Rear Window
0,0,[],200,97759-2W551,Hose & Tube Assembly
0,0,[],200,97761-2W801,Pipe and Tube Assembly
0,0,[],200,97762-0X110,Hose - Discharge
0,0,[],200,97762-C2000,Hose - Discharge
0,0,[],200,98110-1R000,Motor Assembly - Windshield Wiper
0,0,[],200,98110-F2000,Motor Assembly - Windshield Wiper
0,0,[],200,98350-2E000,Blade Assembly - Wiper LH
0,0,[],200,98610-1R010,Reservoir & Pump Assembly - Washer
0,0,[],200,98630-2E500,Nozzle Assembly - Windshield Washer
0,0,[],200,98671-2J500,Telescope Unit Assembly - Headlamp LH
0,0,[],200,98672-2J500,Telescope Unit Assembly - Headlamp RH
0,0,[],200,84870-60100-E0,Switch Assembly Outer Mirror
0,0,[],200,84204441,Liner Front Wheelhouse LH
0,0,[],200,89341-42060-A1,Sensor Ultrasonic No.1
0,0,[],200,ZJ02-10-450,Gauge Oil Level
0,0,[],200,13589991,Sensor Steering Angle
0,0,[],200,22899138,Coil Steering Wheel Airbag
0,0,[],200,13070-5YE0A,Tensioner Assembly-Chain
0,0,[],200,86512-D7100,Cover Front Bumper Lower
0,0,[],200,51137443692,Roof Molding Prime-Coated RH
0,0,[],200,561945096R,Tail Light Assembly RH
0,0,[],200,74232-52420,Panel Front Armrest Base Upper LH
0,0,[],200,4605B479,Seal Kit Front Brake Caliper
0,0,[],200,4605B511,Piston Front Brake Caliper
0,0,[],200,5G0805911AK,Wheel Housing Liner LH
0,0,[],200,5G0805969P,Wheel Housing Liner LH
0,0,[],200,5G0853763A 3Q7,Trim Vent Grille Aluminium
0,0,[],200,80730-4CA1A,Motor Assembly - Regulator RH
0,0,[],200,52095984,Extension Air Inlet Grill Panel LH
0,0,[],200,52116-02510,Support Front Bumper Side LH
0,0,[],200,91304-5A4-H01,O-Ring
0,0,[],200,91305-5A2-A01,O-Ring
0,0,[],200,11826-VZ00A,Hose-Blowby Gas
0,0,[],200,16331-31150,Outlet Water
0,0,[],200,25560-9CH2D,Switch Assembly - Combination
0,0,[],200,90450-ZL80A,Stay Assembly-Back Door
0,0,[],200,90451-ZL80A,Stay Assembly - Back Door LH
0,0,[],200,D108M-VW02J,Hardware Kit-Front Disc Brake Pad
0,0,[],200,NU2Z-9601-A,Air Filter Element
0,0,[],200,20350-VC80B,Muffler Assembly-Post
0,0,[],200,26110-VC325,Combination Lamp Assembly - Side RH
0,0,[],200,26294-89906,Bulb
0,0,[],200,74839-VC300,Cover Rear Wheel House LH
0,0,[],200,93745491,Ring Kit Piston
0,0,[],200,D8E10-VS40A,Repair Kit-Tie
0,0,[],200,FD570-VC026,Stay Assembly- Hood
0,0,[],200,33111-VV20A,Seal - Oil Transfer Cover
0,0,[],200,41601-80J01,Strut Assembly Suspension Front RH
0,0,[],200,41602-80J01,Strut Assembly Suspension Front LH
0,0,[],200,4L0955276G GRU,Cover Cap Primed RH
0,0,[],200,35125-12440,Tube Transmission Oil Filler No.1
0,0,[],200,A000989630813AAEW,Engine Oil 5W40 5L
0,0,[],200,87915-60100-C1,Cover Outer Mirror RH
0,0,[],200,87945-60100-C1,Cover Outer Mirror LH
0,0,[],200,4M8807521C RU6,Spoiler Dark Chrome Matt
0,0,[],200,GN15-A044L49-GB,Boot-Parking Brake Lever
0,0,[],200,JL1Z-16C826-A,Lift Assembly Gas
0,0,[],200,JL1Z-17528-AA,Blade Assembly Wiper Rear
0,0,[],200,MK667126,Camshaft Position Sensor
0,0,[],200,46410-60B00,Cable Assembly Parking Brake No.1
0,0,[],200,65771-3SG0A,Rod-Hood Support
0,0,[],200,XT-10-5Q3LV,ATF Oil Mercon LV 5 Quarts
0,0,[],200,25451-L1500,Reservoir Hose
0,0,[],200,10049243,Drain Plug
0,0,[],200,86520-60260,Horn Assembly Low Pitched
0,0,[],200,MB878243,Idler Pulley
0,0,[],200,JL1Z-6038-B,Insulator
0,0,[],200,BL3Z-6038-E,Insulator
0,0,[],200,JL1Z-6038-A,Insulator
0,0,[],200,JL1Z-6068-F,Torque Arm
0,0,[],200,JL1Z-6068-E,Torque Arm
0,0,[],200,GMM1-64-91XA 02,Louver(L) Center
0,0,[],200,08880-83714-BULK,Engine Oil SN5W-30-FS 4L
0,0,[],200,95350447,Hose Power Steering Fluid Reservoir Inlet
0,0,[],200,95190191,Weatherstrip Rear Side Door RH
0,0,[],200,95164924,Hose Power Steering Gear Outlet
0,0,[],200,94538130,Grille Front Upper
0,0,[],200,42631271,Mirror Outside Rear View RH
0,0,[],200,86553-H6000,Bracket Front Bumper Mounting LH
0,0,[],200,48520-80645,Absorber Assembly Shock Front LH
0,0,[],200,52960-2E620,Cap Assembly - Wheel Hub
0,0,[],200,68171066UA,Oil 0W40 946 ml
0,0,[],200,A7M42-VC300,Fuel Pump In Tank
0,0,[],200,69203-0K092,Frame Sub-Assembly Rear Door Outside Handle RH
0,0,[],200,69227-0K200,Cover Rear Door Outside Handle RH
0,0,[],200,69241-0K041,Pad Rear Door Outside Handle
0,0,[],200,69242-0K030,Pad Rear Door Outside Handle
0,0,[],200,87611-H9040,Mirror & Holder Assembly - Outside View Rear LH
0,0,[],200,87620-H9100,Mirror Assembly - Outside Rear View RH
0,0,[],200,36406-4M40A,Plate-lock
0,0,[],200,JB3Z-7A564-A,Cylinder Assembly Clutch Slave
0,0,[],200,13101-17100-02,Gasket Cylinder Head
0,0,[],200,46210-1LB1D,Hose Assembly-Brake Rear
0,0,[],200,10390012,Switch Lift Gate Open
0,0,[],200,94518424,Coil Steering Wheel Airbag
0,0,[],200,FL3Z-7A784-B,Tube-Vacuum
0,0,[],200,26350-2S001,Service Kit Oil Filter
0,0,[],200,CN1Z-58018A16-DA,Bracket-Cowl Top Panel
0,0,[],200,A2740905600,Intake Duct
0,0,[],200,03H103601AK,Engine Oil Pan
0,0,[],200,21810-H9100,Bracket Assembly-Engine Mounting
0,0,[],200,24201-AA100,Clip - Trim
0,0,[],200,80950-1BA0A,Handle-Pull Rear Door
0,0,[],200,82821-1BA0B,Moulding - Door Outside Rear LH
0,0,[],200,5-87832-400,King Pin Kit Axle
0,0,[],200,8-94248-117,Front Axle Wheel Oil Seal
0,0,[],200,8-97107-348,End Tie Rod LH
0,0,[],200,8-97107-349,End Tie Rod RH
0,0,[],200,8-97418-802,Shaft Assembly Steering
0,0,[],200,8-98006-794,Drag Link Assembly
0,0,[],200,68299201AC,Mount-Strut
0,0,[],200,21635-1TT0A,Hose - Oil Cooler Auto Transmission
0,0,[],200,21636-1TT0A,Hose - Oil Cooler Auto Transmission
0,0,[],200,35321-M72R20,0
0,0,[],200,99163125506,Side Marker Light
0,0,[],200,BL3Z-9350-D,Tank Assembly Radiator Overflow
0,0,[],200,86350-H6500,Grille Assembly - Radiator
0,0,[],200,JL3Z-7H351-B,Hub Assembly
0,0,[],200,76520-M74K01,Opener Fuel Lid
0,0,[],200,84430-JJ51A,Stay Assembly-Trunk Lid
0,0,[],200,FR3Z-6038-C,Insulator Assembly
0,0,[],200,NU2Z-6731-HA,Oil Filter Element
0,0,[],200,42441-0K041,Deflector Brake Drum Oil RH
0,0,[],200,46420-0K041,Cable Assembly Parking Brake No.2
0,0,[],200,C2D19768,Idler
0,0,[],200,C2D51409,Idler
0,0,[],200,14480-HG00F,Actuator Assembly Swing Valve
